{"trial_id": "0079", "hyperparameters": {"space": [{"class_name": "Choice", "config": {"name": "activation", "default": "softmax", "conditions": [], "values": ["softmax", "softplus", "softsign", "relu", "tanh", "sigmoid", "hard_sigmoid", "linear"], "ordered": false}}, {"class_name": "Choice", "config": {"name": "optimizer", "default": "SGD", "conditions": [], "values": ["SGD", "RMSprop", "Adagrad", "Adadelta", "Adam", "Adamax", "Nadam"], "ordered": false}}], "values": {"activation": "softplus", "optimizer": "Adamax", "tuner/epochs": 10, "tuner/initial_epoch": 0, "tuner/bracket": 1, "tuner/round": 0}}, "metrics": {"metrics": {"loss": {"direction": "min", "observations": [{"value": [0.22120869159698486], "step": 0}]}, "mse": {"direction": "min", "observations": [{"value": [0.060458339750766754], "step": 0}]}, "accuracy": {"direction": "max", "observations": [{"value": [0.9251998066902161], "step": 0}]}, "val_loss": {"direction": "min", "observations": [{"value": [0.21537630259990692], "step": 0}]}, "val_mse": {"direction": "min", "observations": [{"value": [0.058913931250572205], "step": 0}]}, "val_accuracy": {"direction": "max", "observations": [{"value": [0.9281891584396362], "step": 0}]}}}, "score": 0.9281891584396362, "best_step": 0, "status": "COMPLETED"}