{"trial_id": "0013", "hyperparameters": {"space": [{"class_name": "Choice", "config": {"name": "activation", "default": "softmax", "conditions": [], "values": ["softmax", "softplus", "softsign", "relu", "tanh", "sigmoid", "hard_sigmoid", "linear"], "ordered": false}}, {"class_name": "Choice", "config": {"name": "optimizer", "default": "SGD", "conditions": [], "values": ["SGD", "RMSprop", "Adagrad", "Adadelta", "Adam", "Adamax", "Nadam"], "ordered": false}}], "values": {"activation": "hard_sigmoid", "optimizer": "RMSprop", "tuner/epochs": 2, "tuner/initial_epoch": 0, "tuner/bracket": 4, "tuner/round": 0}}, "metrics": {"metrics": {"loss": {"direction": "min", "observations": [{"value": [0.23540212213993073], "step": 0}]}, "mse": {"direction": "min", "observations": [{"value": [0.06508314609527588], "step": 0}]}, "accuracy": {"direction": "max", "observations": [{"value": [0.917936384677887], "step": 0}]}, "val_loss": {"direction": "min", "observations": [{"value": [0.21598459780216217], "step": 0}]}, "val_mse": {"direction": "min", "observations": [{"value": [0.059341225773096085], "step": 0}]}, "val_accuracy": {"direction": "max", "observations": [{"value": [0.9273154139518738], "step": 0}]}}}, "score": 0.9273154139518738, "best_step": 0, "status": "COMPLETED"}