{"trial_id": "0031", "hyperparameters": {"space": [{"class_name": "Choice", "config": {"name": "activation", "default": "softmax", "conditions": [], "values": ["softmax", "softplus", "softsign", "relu", "tanh", "sigmoid", "hard_sigmoid", "linear"], "ordered": false}}, {"class_name": "Choice", "config": {"name": "optimizer", "default": "SGD", "conditions": [], "values": ["SGD", "RMSprop", "Adagrad", "Adadelta", "Adam", "Adamax", "Nadam"], "ordered": false}}], "values": {"activation": "hard_sigmoid", "optimizer": "RMSprop", "tuner/epochs": 5, "tuner/initial_epoch": 3, "tuner/bracket": 4, "tuner/round": 2, "tuner/trial_id": "0027"}}, "metrics": {"metrics": {"loss": {"direction": "min", "observations": [{"value": [0.24341405928134918], "step": 0}]}, "mse": {"direction": "min", "observations": [{"value": [0.0674777626991272], "step": 0}]}, "accuracy": {"direction": "max", "observations": [{"value": [0.9174994826316833], "step": 0}]}, "val_loss": {"direction": "min", "observations": [{"value": [0.21593734622001648], "step": 0}]}, "val_mse": {"direction": "min", "observations": [{"value": [0.05923781916499138], "step": 0}]}, "val_accuracy": {"direction": "max", "observations": [{"value": [0.9269877672195435], "step": 0}]}}}, "score": 0.9269877672195435, "best_step": 0, "status": "COMPLETED"}