{"trial_id": "0037", "hyperparameters": {"space": [{"class_name": "Choice", "config": {"name": "activation", "default": "softmax", "conditions": [], "values": ["softmax", "softplus", "softsign", "relu", "tanh", "sigmoid", "hard_sigmoid", "linear"], "ordered": false}}, {"class_name": "Choice", "config": {"name": "optimizer", "default": "SGD", "conditions": [], "values": ["SGD", "RMSprop", "Adagrad", "Adadelta", "Adam", "Adamax", "Nadam"], "ordered": false}}], "values": {"activation": "tanh", "optimizer": "SGD", "tuner/epochs": 10, "tuner/initial_epoch": 5, "tuner/bracket": 4, "tuner/round": 3, "tuner/trial_id": "0032"}}, "metrics": {"metrics": {"loss": {"direction": "min", "observations": [{"value": [0.22147151827812195], "step": 0}]}, "mse": {"direction": "min", "observations": [{"value": [0.06037342548370361], "step": 0}]}, "accuracy": {"direction": "max", "observations": [{"value": [0.9254728555679321], "step": 0}]}, "val_loss": {"direction": "min", "observations": [{"value": [0.21543197333812714], "step": 0}]}, "val_mse": {"direction": "min", "observations": [{"value": [0.058744706213474274], "step": 0}]}, "val_accuracy": {"direction": "max", "observations": [{"value": [0.9272062182426453], "step": 0}]}}}, "score": 0.9272062182426453, "best_step": 0, "status": "COMPLETED"}