{"trial_id": "0003", "hyperparameters": {"space": [{"class_name": "Int", "config": {"name": "units", "default": null, "conditions": [], "min_value": 4, "max_value": 10, "step": 1, "sampling": null}}, {"class_name": "Float", "config": {"name": "dropout", "default": 0.005, "conditions": [], "min_value": 0.0, "max_value": 0.1, "step": 0.01, "sampling": null}}], "values": {"units": 7, "dropout": 0.01, "tuner/epochs": 2, "tuner/initial_epoch": 0, "tuner/bracket": 2, "tuner/round": 0}}, "metrics": {"metrics": {"loss": {"direction": "min", "observations": [{"value": [0.214416041970253], "step": 0}]}, "mse": {"direction": "min", "observations": [{"value": [0.059936825186014175], "step": 0}]}, "accuracy": {"direction": "max", "observations": [{"value": [0.9244894683361053], "step": 0}]}, "val_loss": {"direction": "min", "observations": [{"value": [0.2075829729437828], "step": 0}]}, "val_mse": {"direction": "min", "observations": [{"value": [0.05795314721763134], "step": 0}]}, "val_accuracy": {"direction": "max", "observations": [{"value": [0.926617830991745], "step": 0}]}}}, "score": 0.059936825186014175, "best_step": 0, "status": "COMPLETED"}