{"trial_id": "0072", "hyperparameters": {"space": [{"class_name": "Choice", "config": {"name": "activation", "default": "softmax", "conditions": [], "values": ["softmax", "softplus", "softsign", "relu", "tanh", "sigmoid", "hard_sigmoid", "linear"], "ordered": false}}, {"class_name": "Choice", "config": {"name": "optimizer", "default": "SGD", "conditions": [], "values": ["SGD", "RMSprop", "Adagrad", "Adadelta", "Adam", "Adamax", "Nadam"], "ordered": false}}], "values": {"activation": "hard_sigmoid", "optimizer": "Nadam", "tuner/epochs": 10, "tuner/initial_epoch": 5, "tuner/bracket": 2, "tuner/round": 1, "tuner/trial_id": "0067"}}, "metrics": {"metrics": {"loss": {"direction": "min", "observations": [{"value": [0.21591444313526154], "step": 0}]}, "mse": {"direction": "min", "observations": [{"value": [0.059238459914922714], "step": 0}]}, "accuracy": {"direction": "max", "observations": [{"value": [0.9257459044456482], "step": 0}]}, "val_loss": {"direction": "min", "observations": [{"value": [0.21012063324451447], "step": 0}]}, "val_mse": {"direction": "min", "observations": [{"value": [0.05782417207956314], "step": 0}]}, "val_accuracy": {"direction": "max", "observations": [{"value": [0.9274246692657471], "step": 0}]}}}, "score": 0.9274246692657471, "best_step": 0, "status": "COMPLETED"}