{"trial_id": "0070", "hyperparameters": {"space": [{"class_name": "Choice", "config": {"name": "activation", "default": "softmax", "conditions": [], "values": ["softmax", "softplus", "softsign", "relu", "tanh", "sigmoid", "hard_sigmoid", "linear"], "ordered": false}}, {"class_name": "Choice", "config": {"name": "optimizer", "default": "SGD", "conditions": [], "values": ["SGD", "RMSprop", "Adagrad", "Adadelta", "Adam", "Adamax", "Nadam"], "ordered": false}}], "values": {"activation": "hard_sigmoid", "optimizer": "Adamax", "tuner/epochs": 5, "tuner/initial_epoch": 0, "tuner/bracket": 2, "tuner/round": 0}}, "metrics": {"metrics": {"loss": {"direction": "min", "observations": [{"value": [0.2268541157245636], "step": 0}]}, "mse": {"direction": "min", "observations": [{"value": [0.0619950108230114], "step": 0}]}, "accuracy": {"direction": "max", "observations": [{"value": [0.9239436984062195], "step": 0}]}, "val_loss": {"direction": "min", "observations": [{"value": [0.2182946354150772], "step": 0}]}, "val_mse": {"direction": "min", "observations": [{"value": [0.05969081073999405], "step": 0}]}, "val_accuracy": {"direction": "max", "observations": [{"value": [0.927370011806488], "step": 0}]}}}, "score": 0.927370011806488, "best_step": 0, "status": "COMPLETED"}