{"trial_id": "0087", "hyperparameters": {"space": [{"class_name": "Choice", "config": {"name": "activation", "default": "softmax", "conditions": [], "values": ["softmax", "softplus", "softsign", "relu", "tanh", "sigmoid", "hard_sigmoid", "linear"], "ordered": false}}, {"class_name": "Choice", "config": {"name": "optimizer", "default": "SGD", "conditions": [], "values": ["SGD", "RMSprop", "Adagrad", "Adadelta", "Adam", "Adamax", "Nadam"], "ordered": false}}], "values": {"activation": "hard_sigmoid", "optimizer": "Adam", "tuner/epochs": 20, "tuner/initial_epoch": 0, "tuner/bracket": 0, "tuner/round": 0}}, "metrics": {"metrics": {"loss": {"direction": "min", "observations": [{"value": [0.21367332339286804], "step": 0}]}, "mse": {"direction": "min", "observations": [{"value": [0.058705106377601624], "step": 0}]}, "accuracy": {"direction": "max", "observations": [{"value": [0.926692545413971], "step": 0}]}, "val_loss": {"direction": "min", "observations": [{"value": [0.2085452675819397], "step": 0}]}, "val_mse": {"direction": "min", "observations": [{"value": [0.057415422052145004], "step": 0}]}, "val_accuracy": {"direction": "max", "observations": [{"value": [0.9282437562942505], "step": 0}]}}}, "score": 0.9282437562942505, "best_step": 0, "status": "COMPLETED"}