{"trial_id": "0060", "hyperparameters": {"space": [{"class_name": "Choice", "config": {"name": "activation", "default": "softmax", "conditions": [], "values": ["softmax", "softplus", "softsign", "relu", "tanh", "sigmoid", "hard_sigmoid", "linear"], "ordered": false}}, {"class_name": "Choice", "config": {"name": "optimizer", "default": "SGD", "conditions": [], "values": ["SGD", "RMSprop", "Adagrad", "Adadelta", "Adam", "Adamax", "Nadam"], "ordered": false}}], "values": {"activation": "linear", "optimizer": "Nadam", "tuner/epochs": 10, "tuner/initial_epoch": 5, "tuner/bracket": 3, "tuner/round": 2, "tuner/trial_id": "0055"}}, "metrics": {"metrics": {"loss": {"direction": "min", "observations": [{"value": [0.222817063331604], "step": 0}]}, "mse": {"direction": "min", "observations": [{"value": [0.06069228798151016], "step": 0}]}, "accuracy": {"direction": "max", "observations": [{"value": [0.9245444536209106], "step": 0}]}, "val_loss": {"direction": "min", "observations": [{"value": [0.21726791560649872], "step": 0}]}, "val_mse": {"direction": "min", "observations": [{"value": [0.0590398795902729], "step": 0}]}, "val_accuracy": {"direction": "max", "observations": [{"value": [0.9278069138526917], "step": 0}]}}}, "score": 0.9278069138526917, "best_step": 0, "status": "COMPLETED"}