{"trial_id": "0050", "hyperparameters": {"space": [{"class_name": "Choice", "config": {"name": "activation", "default": "softmax", "conditions": [], "values": ["softmax", "softplus", "softsign", "relu", "tanh", "sigmoid", "hard_sigmoid", "linear"], "ordered": false}}, {"class_name": "Choice", "config": {"name": "optimizer", "default": "SGD", "conditions": [], "values": ["SGD", "RMSprop", "Adagrad", "Adadelta", "Adam", "Adamax", "Nadam"], "ordered": false}}], "values": {"activation": "linear", "optimizer": "Adagrad", "tuner/epochs": 3, "tuner/initial_epoch": 0, "tuner/bracket": 3, "tuner/round": 0}}, "metrics": {"metrics": {"loss": {"direction": "min", "observations": [{"value": [0.27662229537963867], "step": 0}]}, "mse": {"direction": "min", "observations": [{"value": [0.07211753726005554], "step": 0}]}, "accuracy": {"direction": "max", "observations": [{"value": [0.9236342310905457], "step": 0}]}, "val_loss": {"direction": "min", "observations": [{"value": [0.24913449585437775], "step": 0}]}, "val_mse": {"direction": "min", "observations": [{"value": [0.06480515748262405], "step": 0}]}, "val_accuracy": {"direction": "max", "observations": [{"value": [0.926114022731781], "step": 0}]}}}, "score": 0.926114022731781, "best_step": 0, "status": "COMPLETED"}