{"trial_id": "0069", "hyperparameters": {"space": [{"class_name": "Choice", "config": {"name": "activation", "default": "softmax", "conditions": [], "values": ["softmax", "softplus", "softsign", "relu", "tanh", "sigmoid", "hard_sigmoid", "linear"], "ordered": false}}, {"class_name": "Choice", "config": {"name": "optimizer", "default": "SGD", "conditions": [], "values": ["SGD", "RMSprop", "Adagrad", "Adadelta", "Adam", "Adamax", "Nadam"], "ordered": false}}], "values": {"activation": "sigmoid", "optimizer": "Adadelta", "tuner/epochs": 5, "tuner/initial_epoch": 0, "tuner/bracket": 2, "tuner/round": 0}}, "metrics": {"metrics": {"loss": {"direction": "min", "observations": [{"value": [0.5168617963790894], "step": 0}]}, "mse": {"direction": "min", "observations": [{"value": [0.16351282596588135], "step": 0}]}, "accuracy": {"direction": "max", "observations": [{"value": [0.9137676954269409], "step": 0}]}, "val_loss": {"direction": "min", "observations": [{"value": [0.501858651638031], "step": 0}]}, "val_mse": {"direction": "min", "observations": [{"value": [0.15647783875465393], "step": 0}]}, "val_accuracy": {"direction": "max", "observations": [{"value": [0.9153014421463013], "step": 0}]}}}, "score": 0.9153014421463013, "best_step": 0, "status": "COMPLETED"}