{"trial_id": "0036", "hyperparameters": {"space": [{"class_name": "Choice", "config": {"name": "activation", "default": "softmax", "conditions": [], "values": ["softmax", "softplus", "softsign", "relu", "tanh", "sigmoid", "hard_sigmoid", "linear"], "ordered": false}}, {"class_name": "Choice", "config": {"name": "optimizer", "default": "SGD", "conditions": [], "values": ["SGD", "RMSprop", "Adagrad", "Adadelta", "Adam", "Adamax", "Nadam"], "ordered": false}}], "values": {"activation": "sigmoid", "optimizer": "RMSprop", "tuner/epochs": 10, "tuner/initial_epoch": 5, "tuner/bracket": 4, "tuner/round": 3, "tuner/trial_id": "0033"}}, "metrics": {"metrics": {"loss": {"direction": "min", "observations": [{"value": [0.25136798620224], "step": 0}]}, "mse": {"direction": "min", "observations": [{"value": [0.07000840455293655], "step": 0}]}, "accuracy": {"direction": "max", "observations": [{"value": [0.9116742014884949], "step": 0}]}, "val_loss": {"direction": "min", "observations": [{"value": [0.21711333096027374], "step": 0}]}, "val_mse": {"direction": "min", "observations": [{"value": [0.05934785678982735], "step": 0}]}, "val_accuracy": {"direction": "max", "observations": [{"value": [0.9275884628295898], "step": 0}]}}}, "score": 0.9275884628295898, "best_step": 0, "status": "COMPLETED"}