{"trial_id": "0059", "hyperparameters": {"space": [{"class_name": "Choice", "config": {"name": "activation", "default": "softmax", "conditions": [], "values": ["softmax", "softplus", "softsign", "relu", "tanh", "sigmoid", "hard_sigmoid", "linear"], "ordered": false}}, {"class_name": "Choice", "config": {"name": "optimizer", "default": "SGD", "conditions": [], "values": ["SGD", "RMSprop", "Adagrad", "Adadelta", "Adam", "Adamax", "Nadam"], "ordered": false}}], "values": {"activation": "softplus", "optimizer": "Adam", "tuner/epochs": 10, "tuner/initial_epoch": 5, "tuner/bracket": 3, "tuner/round": 2, "tuner/trial_id": "0053"}}, "metrics": {"metrics": {"loss": {"direction": "min", "observations": [{"value": [0.22065478563308716], "step": 0}]}, "mse": {"direction": "min", "observations": [{"value": [0.06038626655936241], "step": 0}]}, "accuracy": {"direction": "max", "observations": [{"value": [0.9253818392753601], "step": 0}]}, "val_loss": {"direction": "min", "observations": [{"value": [0.2130579948425293], "step": 0}]}, "val_mse": {"direction": "min", "observations": [{"value": [0.05863213911652565], "step": 0}]}, "val_accuracy": {"direction": "max", "observations": [{"value": [0.9278069138526917], "step": 0}]}}}, "score": 0.9278069138526917, "best_step": 0, "status": "COMPLETED"}