{"trial_id": "0019", "hyperparameters": {"space": [{"class_name": "Choice", "config": {"name": "activation", "default": "softmax", "conditions": [], "values": ["softmax", "softplus", "softsign", "relu", "tanh", "sigmoid", "hard_sigmoid", "linear"], "ordered": false}}, {"class_name": "Choice", "config": {"name": "optimizer", "default": "SGD", "conditions": [], "values": ["SGD", "RMSprop", "Adagrad", "Adadelta", "Adam", "Adamax", "Nadam"], "ordered": false}}], "values": {"activation": "softsign", "optimizer": "Adam", "tuner/epochs": 2, "tuner/initial_epoch": 0, "tuner/bracket": 4, "tuner/round": 0}}, "metrics": {"metrics": {"loss": {"direction": "min", "observations": [{"value": [0.24462103843688965], "step": 0}]}, "mse": {"direction": "min", "observations": [{"value": [0.06798754632472992], "step": 0}]}, "accuracy": {"direction": "max", "observations": [{"value": [0.920029878616333], "step": 0}]}, "val_loss": {"direction": "min", "observations": [{"value": [0.21433573961257935], "step": 0}]}, "val_mse": {"direction": "min", "observations": [{"value": [0.05828668922185898], "step": 0}]}, "val_accuracy": {"direction": "max", "observations": [{"value": [0.9282983541488647], "step": 0}]}}}, "score": 0.9282983541488647, "best_step": 0, "status": "COMPLETED"}