{"trial_id": "0018", "hyperparameters": {"space": [{"class_name": "Int", "config": {"name": "units", "default": null, "conditions": [], "min_value": 4, "max_value": 10, "step": 1, "sampling": null}}, {"class_name": "Float", "config": {"name": "dropout", "default": 0.005, "conditions": [], "min_value": 0.0, "max_value": 0.1, "step": 0.01, "sampling": null}}], "values": {"units": 8, "dropout": 0.07, "tuner/epochs": 4, "tuner/initial_epoch": 0, "tuner/bracket": 1, "tuner/round": 0}}, "metrics": {"metrics": {"loss": {"direction": "min", "observations": [{"value": [0.2111908569931984], "step": 0}]}, "mse": {"direction": "min", "observations": [{"value": [0.0588077437132597], "step": 0}]}, "accuracy": {"direction": "max", "observations": [{"value": [0.9253769218921661], "step": 0}]}, "val_loss": {"direction": "min", "observations": [{"value": [0.2046138197183609], "step": 0}]}, "val_mse": {"direction": "min", "observations": [{"value": [0.05706098489463329], "step": 0}]}, "val_accuracy": {"direction": "max", "observations": [{"value": [0.927550733089447], "step": 0}]}}}, "score": 0.0588077437132597, "best_step": 0, "status": "COMPLETED"}