{"trial_id": "0020", "hyperparameters": {"space": [{"class_name": "Choice", "config": {"name": "activation", "default": "softmax", "conditions": [], "values": ["softmax", "softplus", "softsign", "relu", "tanh", "sigmoid", "hard_sigmoid", "linear"], "ordered": false}}, {"class_name": "Choice", "config": {"name": "optimizer", "default": "SGD", "conditions": [], "values": ["SGD", "RMSprop", "Adagrad", "Adadelta", "Adam", "Adamax", "Nadam"], "ordered": false}}], "values": {"activation": "softsign", "optimizer": "Adam", "tuner/epochs": 3, "tuner/initial_epoch": 2, "tuner/bracket": 4, "tuner/round": 1, "tuner/trial_id": "0019"}}, "metrics": {"metrics": {"loss": {"direction": "min", "observations": [{"value": [0.24780869483947754], "step": 0}]}, "mse": {"direction": "min", "observations": [{"value": [0.06902439892292023], "step": 0}]}, "accuracy": {"direction": "max", "observations": [{"value": [0.9197385907173157], "step": 0}]}, "val_loss": {"direction": "min", "observations": [{"value": [0.21435312926769257], "step": 0}]}, "val_mse": {"direction": "min", "observations": [{"value": [0.058327723294496536], "step": 0}]}, "val_accuracy": {"direction": "max", "observations": [{"value": [0.9275884628295898], "step": 0}]}}}, "score": 0.9275884628295898, "best_step": 0, "status": "COMPLETED"}