{"trial_id": "0010", "hyperparameters": {"space": [{"class_name": "Int", "config": {"name": "units", "default": null, "conditions": [], "min_value": 4, "max_value": 10, "step": 1, "sampling": null}}, {"class_name": "Float", "config": {"name": "dropout", "default": 0.005, "conditions": [], "min_value": 0.0, "max_value": 0.1, "step": 0.01, "sampling": null}}], "values": {"units": 7, "dropout": 0.04, "tuner/epochs": 2, "tuner/initial_epoch": 0, "tuner/bracket": 2, "tuner/round": 0}}, "metrics": {"metrics": {"loss": {"direction": "min", "observations": [{"value": [0.21782592684030533], "step": 0}]}, "mse": {"direction": "min", "observations": [{"value": [0.060480380430817604], "step": 0}]}, "accuracy": {"direction": "max", "observations": [{"value": [0.923953115940094], "step": 0}]}, "val_loss": {"direction": "min", "observations": [{"value": [0.20863302797079086], "step": 0}]}, "val_mse": {"direction": "min", "observations": [{"value": [0.05819859355688095], "step": 0}]}, "val_accuracy": {"direction": "max", "observations": [{"value": [0.9269363880157471], "step": 0}]}}}, "score": 0.060480380430817604, "best_step": 0, "status": "COMPLETED"}