{"trial_id": "0012", "hyperparameters": {"space": [{"class_name": "Choice", "config": {"name": "activation", "default": "softmax", "conditions": [], "values": ["softmax", "softplus", "softsign", "relu", "tanh", "sigmoid", "hard_sigmoid", "linear"], "ordered": false}}, {"class_name": "Choice", "config": {"name": "optimizer", "default": "SGD", "conditions": [], "values": ["SGD", "RMSprop", "Adagrad", "Adadelta", "Adam", "Adamax", "Nadam"], "ordered": false}}], "values": {"activation": "sigmoid", "optimizer": "RMSprop", "tuner/epochs": 2, "tuner/initial_epoch": 0, "tuner/bracket": 4, "tuner/round": 0}}, "metrics": {"metrics": {"loss": {"direction": "min", "observations": [{"value": [0.22051872313022614], "step": 0}]}, "mse": {"direction": "min", "observations": [{"value": [0.06010962277650833], "step": 0}]}, "accuracy": {"direction": "max", "observations": [{"value": [0.925054132938385], "step": 0}]}, "val_loss": {"direction": "min", "observations": [{"value": [0.21518775820732117], "step": 0}]}, "val_mse": {"direction": "min", "observations": [{"value": [0.05873663350939751], "step": 0}]}, "val_accuracy": {"direction": "max", "observations": [{"value": [0.9267693161964417], "step": 0}]}}}, "score": 0.9267693161964417, "best_step": 0, "status": "COMPLETED"}