{"trial_id": "0063", "hyperparameters": {"space": [{"class_name": "Choice", "config": {"name": "activation", "default": "softmax", "conditions": [], "values": ["softmax", "softplus", "softsign", "relu", "tanh", "sigmoid", "hard_sigmoid", "linear"], "ordered": false}}, {"class_name": "Choice", "config": {"name": "optimizer", "default": "SGD", "conditions": [], "values": ["SGD", "RMSprop", "Adagrad", "Adadelta", "Adam", "Adamax", "Nadam"], "ordered": false}}], "values": {"activation": "softplus", "optimizer": "Adadelta", "tuner/epochs": 5, "tuner/initial_epoch": 0, "tuner/bracket": 2, "tuner/round": 0}}, "metrics": {"metrics": {"loss": {"direction": "min", "observations": [{"value": [0.6874116063117981], "step": 0}]}, "mse": {"direction": "min", "observations": [{"value": [0.2471390962600708], "step": 0}]}, "accuracy": {"direction": "max", "observations": [{"value": [0.5374183058738708], "step": 0}]}, "val_loss": {"direction": "min", "observations": [{"value": [0.6214964985847473], "step": 0}]}, "val_mse": {"direction": "min", "observations": [{"value": [0.21427127718925476], "step": 0}]}, "val_accuracy": {"direction": "max", "observations": [{"value": [0.9153014421463013], "step": 0}]}}}, "score": 0.9153014421463013, "best_step": 0, "status": "COMPLETED"}