{"trial_id": "0005", "hyperparameters": {"space": [{"class_name": "Int", "config": {"name": "units", "default": null, "conditions": [], "min_value": 4, "max_value": 10, "step": 1, "sampling": null}}, {"class_name": "Float", "config": {"name": "dropout", "default": 0.005, "conditions": [], "min_value": 0.0, "max_value": 0.1, "step": 0.01, "sampling": null}}], "values": {"units": 10, "dropout": 0.06, "tuner/epochs": 2, "tuner/initial_epoch": 0, "tuner/bracket": 2, "tuner/round": 0}}, "metrics": {"metrics": {"loss": {"direction": "min", "observations": [{"value": [0.21504509449005127], "step": 0}]}, "mse": {"direction": "min", "observations": [{"value": [0.059635965153574944], "step": 0}]}, "accuracy": {"direction": "max", "observations": [{"value": [0.9249868392944336], "step": 0}]}, "val_loss": {"direction": "min", "observations": [{"value": [0.2073502093553543], "step": 0}]}, "val_mse": {"direction": "min", "observations": [{"value": [0.057412488386034966], "step": 0}]}, "val_accuracy": {"direction": "max", "observations": [{"value": [0.9276645183563232], "step": 0}]}}}, "score": 0.059635965153574944, "best_step": 0, "status": "COMPLETED"}