{"trial_id": "0043", "hyperparameters": {"space": [{"class_name": "Choice", "config": {"name": "activation", "default": "softmax", "conditions": [], "values": ["softmax", "softplus", "softsign", "relu", "tanh", "sigmoid", "hard_sigmoid", "linear"], "ordered": false}}, {"class_name": "Choice", "config": {"name": "optimizer", "default": "SGD", "conditions": [], "values": ["SGD", "RMSprop", "Adagrad", "Adadelta", "Adam", "Adamax", "Nadam"], "ordered": false}}], "values": {"activation": "linear", "optimizer": "RMSprop", "tuner/epochs": 3, "tuner/initial_epoch": 0, "tuner/bracket": 3, "tuner/round": 0}}, "metrics": {"metrics": {"loss": {"direction": "min", "observations": [{"value": [0.22356079518795013], "step": 0}]}, "mse": {"direction": "min", "observations": [{"value": [0.06077808886766434], "step": 0}]}, "accuracy": {"direction": "max", "observations": [{"value": [0.9244898557662964], "step": 0}]}, "val_loss": {"direction": "min", "observations": [{"value": [0.21735981106758118], "step": 0}]}, "val_mse": {"direction": "min", "observations": [{"value": [0.05892079696059227], "step": 0}]}, "val_accuracy": {"direction": "max", "observations": [{"value": [0.9262778759002686], "step": 0}]}}}, "score": 0.9262778759002686, "best_step": 0, "status": "COMPLETED"}