{"trial_id": "0011", "hyperparameters": {"space": [{"class_name": "Choice", "config": {"name": "activation", "default": "softmax", "conditions": [], "values": ["softmax", "softplus", "softsign", "relu", "tanh", "sigmoid", "hard_sigmoid", "linear"], "ordered": false}}, {"class_name": "Choice", "config": {"name": "optimizer", "default": "SGD", "conditions": [], "values": ["SGD", "RMSprop", "Adagrad", "Adadelta", "Adam", "Adamax", "Nadam"], "ordered": false}}], "values": {"activation": "linear", "optimizer": "Adam", "tuner/epochs": 2, "tuner/initial_epoch": 0, "tuner/bracket": 4, "tuner/round": 0}}, "metrics": {"metrics": {"loss": {"direction": "min", "observations": [{"value": [0.23972345888614655], "step": 0}]}, "mse": {"direction": "min", "observations": [{"value": [0.06658510118722916], "step": 0}]}, "accuracy": {"direction": "max", "observations": [{"value": [0.920211911201477], "step": 0}]}, "val_loss": {"direction": "min", "observations": [{"value": [0.21666815876960754], "step": 0}]}, "val_mse": {"direction": "min", "observations": [{"value": [0.05864250659942627], "step": 0}]}, "val_accuracy": {"direction": "max", "observations": [{"value": [0.9274792671203613], "step": 0}]}}}, "score": 0.9274792671203613, "best_step": 0, "status": "COMPLETED"}