{"trial_id": "0022", "hyperparameters": {"space": [{"class_name": "Choice", "config": {"name": "activation", "default": "softmax", "conditions": [], "values": ["softmax", "softplus", "softsign", "relu", "tanh", "sigmoid", "hard_sigmoid", "linear"], "ordered": false}}, {"class_name": "Choice", "config": {"name": "optimizer", "default": "SGD", "conditions": [], "values": ["SGD", "RMSprop", "Adagrad", "Adadelta", "Adam", "Adamax", "Nadam"], "ordered": false}}], "values": {"activation": "softplus", "optimizer": "RMSprop", "tuner/epochs": 3, "tuner/initial_epoch": 2, "tuner/bracket": 4, "tuner/round": 1, "tuner/trial_id": "0016"}}, "metrics": {"metrics": {"loss": {"direction": "min", "observations": [{"value": [0.23876914381980896], "step": 0}]}, "mse": {"direction": "min", "observations": [{"value": [0.066548652946949], "step": 0}]}, "accuracy": {"direction": "max", "observations": [{"value": [0.9157519340515137], "step": 0}]}, "val_loss": {"direction": "min", "observations": [{"value": [0.21903139352798462], "step": 0}]}, "val_mse": {"direction": "min", "observations": [{"value": [0.05999545380473137], "step": 0}]}, "val_accuracy": {"direction": "max", "observations": [{"value": [0.926114022731781], "step": 0}]}}}, "score": 0.926114022731781, "best_step": 0, "status": "COMPLETED"}