{"trial_id": "0000", "hyperparameters": {"space": [{"class_name": "Int", "config": {"name": "units", "default": null, "conditions": [], "min_value": 4, "max_value": 10, "step": 1, "sampling": null}}, {"class_name": "Float", "config": {"name": "dropout", "default": 0.005, "conditions": [], "min_value": 0.0, "max_value": 0.1, "step": 0.01, "sampling": null}}], "values": {"units": 8, "dropout": 0.0, "tuner/epochs": 2, "tuner/initial_epoch": 0, "tuner/bracket": 2, "tuner/round": 0}}, "metrics": {"metrics": {"loss": {"direction": "min", "observations": [{"value": [0.21226296573877335], "step": 0}]}, "mse": {"direction": "min", "observations": [{"value": [0.059094687923789024], "step": 0}]}, "accuracy": {"direction": "max", "observations": [{"value": [0.9254159033298492], "step": 0}]}, "val_loss": {"direction": "min", "observations": [{"value": [0.20867351442575455], "step": 0}]}, "val_mse": {"direction": "min", "observations": [{"value": [0.05835659243166447], "step": 0}]}, "val_accuracy": {"direction": "max", "observations": [{"value": [0.9244334101676941], "step": 0}]}}}, "score": 0.059094687923789024, "best_step": 0, "status": "COMPLETED"}