{"trial_id": "0027", "hyperparameters": {"space": [{"class_name": "Int", "config": {"name": "units", "default": null, "conditions": [], "min_value": 4, "max_value": 10, "step": 1, "sampling": null}}, {"class_name": "Float", "config": {"name": "dropout", "default": 0.005, "conditions": [], "min_value": 0.0, "max_value": 0.1, "step": 0.01, "sampling": null}}], "values": {"units": 6, "dropout": 0.01, "tuner/epochs": 10, "tuner/initial_epoch": 0, "tuner/bracket": 0, "tuner/round": 0}}, "metrics": {"metrics": {"loss": {"direction": "min", "observations": [{"value": [0.20633519440889359], "step": 0}]}, "mse": {"direction": "min", "observations": [{"value": [0.05780612863600254], "step": 0}]}, "accuracy": {"direction": "max", "observations": [{"value": [0.9263033866882324], "step": 0}]}, "val_loss": {"direction": "min", "observations": [{"value": [0.2044466957449913], "step": 0}]}, "val_mse": {"direction": "min", "observations": [{"value": [0.05696949362754822], "step": 0}]}, "val_accuracy": {"direction": "max", "observations": [{"value": [0.9278692901134491], "step": 0}]}}}, "score": 0.05780612863600254, "best_step": 0, "status": "COMPLETED"}