{"trial_id": "0018", "hyperparameters": {"space": [{"class_name": "Choice", "config": {"name": "activation", "default": "softmax", "conditions": [], "values": ["softmax", "softplus", "softsign", "relu", "tanh", "sigmoid", "hard_sigmoid", "linear"], "ordered": false}}, {"class_name": "Choice", "config": {"name": "optimizer", "default": "SGD", "conditions": [], "values": ["SGD", "RMSprop", "Adagrad", "Adadelta", "Adam", "Adamax", "Nadam"], "ordered": false}}], "values": {"activation": "sigmoid", "optimizer": "Nadam", "tuner/epochs": 2, "tuner/initial_epoch": 0, "tuner/bracket": 4, "tuner/round": 0}}, "metrics": {"metrics": {"loss": {"direction": "min", "observations": [{"value": [0.22122715413570404], "step": 0}]}, "mse": {"direction": "min", "observations": [{"value": [0.06059955433011055], "step": 0}]}, "accuracy": {"direction": "max", "observations": [{"value": [0.9248356819152832], "step": 0}]}, "val_loss": {"direction": "min", "observations": [{"value": [0.21390660107135773], "step": 0}]}, "val_mse": {"direction": "min", "observations": [{"value": [0.05859668180346489], "step": 0}]}, "val_accuracy": {"direction": "max", "observations": [{"value": [0.9264416694641113], "step": 0}]}}}, "score": 0.9264416694641113, "best_step": 0, "status": "COMPLETED"}