{"trial_id": "0003", "hyperparameters": {"space": [{"class_name": "Choice", "config": {"name": "activation", "default": "softmax", "conditions": [], "values": ["softmax", "softplus", "softsign", "relu", "tanh", "sigmoid", "hard_sigmoid", "linear"], "ordered": false}}, {"class_name": "Choice", "config": {"name": "optimizer", "default": "SGD", "conditions": [], "values": ["SGD", "RMSprop", "Adagrad", "Adadelta", "Adam", "Adamax", "Nadam"], "ordered": false}}], "values": {"activation": "tanh", "optimizer": "Adam", "tuner/epochs": 2, "tuner/initial_epoch": 0, "tuner/bracket": 4, "tuner/round": 0}}, "metrics": {"metrics": {"loss": {"direction": "min", "observations": [{"value": [0.21865174174308777], "step": 0}]}, "mse": {"direction": "min", "observations": [{"value": [0.06001231446862221], "step": 0}]}, "accuracy": {"direction": "max", "observations": [{"value": [0.9250359535217285], "step": 0}]}, "val_loss": {"direction": "min", "observations": [{"value": [0.21287798881530762], "step": 0}]}, "val_mse": {"direction": "min", "observations": [{"value": [0.058560773730278015], "step": 0}]}, "val_accuracy": {"direction": "max", "observations": [{"value": [0.9275884628295898], "step": 0}]}}}, "score": 0.9275884628295898, "best_step": 0, "status": "COMPLETED"}