{"trial_id": "0045", "hyperparameters": {"space": [{"class_name": "Choice", "config": {"name": "activation", "default": "softmax", "conditions": [], "values": ["softmax", "softplus", "softsign", "relu", "tanh", "sigmoid", "hard_sigmoid", "linear"], "ordered": false}}, {"class_name": "Choice", "config": {"name": "optimizer", "default": "SGD", "conditions": [], "values": ["SGD", "RMSprop", "Adagrad", "Adadelta", "Adam", "Adamax", "Nadam"], "ordered": false}}], "values": {"activation": "relu", "optimizer": "Adadelta", "tuner/epochs": 3, "tuner/initial_epoch": 0, "tuner/bracket": 3, "tuner/round": 0}}, "metrics": {"metrics": {"loss": {"direction": "min", "observations": [{"value": [0.685684323310852], "step": 0}]}, "mse": {"direction": "min", "observations": [{"value": [0.24626871943473816], "step": 0}]}, "accuracy": {"direction": "max", "observations": [{"value": [0.9106366038322449], "step": 0}]}, "val_loss": {"direction": "min", "observations": [{"value": [0.6814103722572327], "step": 0}]}, "val_mse": {"direction": "min", "observations": [{"value": [0.24413231015205383], "step": 0}]}, "val_accuracy": {"direction": "max", "observations": [{"value": [0.9203254580497742], "step": 0}]}}}, "score": 0.9203254580497742, "best_step": 0, "status": "COMPLETED"}