{"trial_id": "0035", "hyperparameters": {"space": [{"class_name": "Choice", "config": {"name": "activation", "default": "softmax", "conditions": [], "values": ["softmax", "softplus", "softsign", "relu", "tanh", "sigmoid", "hard_sigmoid", "linear"], "ordered": false}}, {"class_name": "Choice", "config": {"name": "optimizer", "default": "SGD", "conditions": [], "values": ["SGD", "RMSprop", "Adagrad", "Adadelta", "Adam", "Adamax", "Nadam"], "ordered": false}}], "values": {"activation": "softsign", "optimizer": "Adam", "tuner/epochs": 10, "tuner/initial_epoch": 5, "tuner/bracket": 4, "tuner/round": 3, "tuner/trial_id": "0030"}}, "metrics": {"metrics": {"loss": {"direction": "min", "observations": [{"value": [0.2118040919303894], "step": 0}]}, "mse": {"direction": "min", "observations": [{"value": [0.05874597281217575], "step": 0}]}, "accuracy": {"direction": "max", "observations": [{"value": [0.9254910349845886], "step": 0}]}, "val_loss": {"direction": "min", "observations": [{"value": [0.2035365253686905], "step": 0}]}, "val_mse": {"direction": "min", "observations": [{"value": [0.05675371736288071], "step": 0}]}, "val_accuracy": {"direction": "max", "observations": [{"value": [0.9279707074165344], "step": 0}]}}}, "score": 0.9279707074165344, "best_step": 0, "status": "COMPLETED"}