{"trial_id": "0032", "hyperparameters": {"space": [{"class_name": "Choice", "config": {"name": "activation", "default": "softmax", "conditions": [], "values": ["softmax", "softplus", "softsign", "relu", "tanh", "sigmoid", "hard_sigmoid", "linear"], "ordered": false}}, {"class_name": "Choice", "config": {"name": "optimizer", "default": "SGD", "conditions": [], "values": ["SGD", "RMSprop", "Adagrad", "Adadelta", "Adam", "Adamax", "Nadam"], "ordered": false}}], "values": {"activation": "tanh", "optimizer": "SGD", "tuner/epochs": 5, "tuner/initial_epoch": 3, "tuner/bracket": 4, "tuner/round": 2, "tuner/trial_id": "0026"}}, "metrics": {"metrics": {"loss": {"direction": "min", "observations": [{"value": [0.2214958369731903], "step": 0}]}, "mse": {"direction": "min", "observations": [{"value": [0.06039758026599884], "step": 0}]}, "accuracy": {"direction": "max", "observations": [{"value": [0.9255820512771606], "step": 0}]}, "val_loss": {"direction": "min", "observations": [{"value": [0.21547931432724], "step": 0}]}, "val_mse": {"direction": "min", "observations": [{"value": [0.05884114280343056], "step": 0}]}, "val_accuracy": {"direction": "max", "observations": [{"value": [0.9273154139518738], "step": 0}]}}}, "score": 0.9273154139518738, "best_step": 0, "status": "COMPLETED"}