{"trial_id": "0086", "hyperparameters": {"space": [{"class_name": "Choice", "config": {"name": "activation", "default": "softmax", "conditions": [], "values": ["softmax", "softplus", "softsign", "relu", "tanh", "sigmoid", "hard_sigmoid", "linear"], "ordered": false}}, {"class_name": "Choice", "config": {"name": "optimizer", "default": "SGD", "conditions": [], "values": ["SGD", "RMSprop", "Adagrad", "Adadelta", "Adam", "Adamax", "Nadam"], "ordered": false}}], "values": {"activation": "sigmoid", "optimizer": "SGD", "tuner/epochs": 20, "tuner/initial_epoch": 0, "tuner/bracket": 0, "tuner/round": 0}}, "metrics": {"metrics": {"loss": {"direction": "min", "observations": [{"value": [0.22226250171661377], "step": 0}]}, "mse": {"direction": "min", "observations": [{"value": [0.060769230127334595], "step": 0}]}, "accuracy": {"direction": "max", "observations": [{"value": [0.9253272414207458], "step": 0}]}, "val_loss": {"direction": "min", "observations": [{"value": [0.21676947176456451], "step": 0}]}, "val_mse": {"direction": "min", "observations": [{"value": [0.05933905020356178], "step": 0}]}, "val_accuracy": {"direction": "max", "observations": [{"value": [0.9275338649749756], "step": 0}]}}}, "score": 0.9275338649749756, "best_step": 0, "status": "COMPLETED"}