{"trial_id": "0052", "hyperparameters": {"space": [{"class_name": "Choice", "config": {"name": "activation", "default": "softmax", "conditions": [], "values": ["softmax", "softplus", "softsign", "relu", "tanh", "sigmoid", "hard_sigmoid", "linear"], "ordered": false}}, {"class_name": "Choice", "config": {"name": "optimizer", "default": "SGD", "conditions": [], "values": ["SGD", "RMSprop", "Adagrad", "Adadelta", "Adam", "Adamax", "Nadam"], "ordered": false}}], "values": {"activation": "relu", "optimizer": "Adam", "tuner/epochs": 5, "tuner/initial_epoch": 3, "tuner/bracket": 3, "tuner/round": 1, "tuner/trial_id": "0040"}}, "metrics": {"metrics": {"loss": {"direction": "min", "observations": [{"value": [0.21823886036872864], "step": 0}]}, "mse": {"direction": "min", "observations": [{"value": [0.06015796586871147], "step": 0}]}, "accuracy": {"direction": "max", "observations": [{"value": [0.9249813556671143], "step": 0}]}, "val_loss": {"direction": "min", "observations": [{"value": [0.2092159390449524], "step": 0}]}, "val_mse": {"direction": "min", "observations": [{"value": [0.05787820741534233], "step": 0}]}, "val_accuracy": {"direction": "max", "observations": [{"value": [0.9266055226325989], "step": 0}]}}}, "score": 0.9266055226325989, "best_step": 0, "status": "COMPLETED"}