{"trial_id": "0024", "hyperparameters": {"space": [{"class_name": "Int", "config": {"name": "units", "default": null, "conditions": [], "min_value": 4, "max_value": 10, "step": 1, "sampling": null}}, {"class_name": "Float", "config": {"name": "dropout", "default": 0.005, "conditions": [], "min_value": 0.0, "max_value": 0.1, "step": 0.01, "sampling": null}}], "values": {"units": 9, "dropout": 0.05, "tuner/epochs": 10, "tuner/initial_epoch": 4, "tuner/bracket": 1, "tuner/round": 1, "tuner/trial_id": "0021"}}, "metrics": {"metrics": {"loss": {"direction": "min", "observations": [{"value": [0.2092447578907013], "step": 0}]}, "mse": {"direction": "min", "observations": [{"value": [0.05846082977950573], "step": 0}]}, "accuracy": {"direction": "max", "observations": [{"value": [0.9255427122116089], "step": 0}]}, "val_loss": {"direction": "min", "observations": [{"value": [0.2051776945590973], "step": 0}]}, "val_mse": {"direction": "min", "observations": [{"value": [0.05713856220245361], "step": 0}]}, "val_accuracy": {"direction": "max", "observations": [{"value": [0.9274824857711792], "step": 0}]}}}, "score": 0.05846082977950573, "best_step": 0, "status": "COMPLETED"}