{"trial_id": "0017", "hyperparameters": {"space": [{"class_name": "Int", "config": {"name": "units", "default": null, "conditions": [], "min_value": 4, "max_value": 10, "step": 1, "sampling": null}}, {"class_name": "Float", "config": {"name": "dropout", "default": 0.005, "conditions": [], "min_value": 0.0, "max_value": 0.1, "step": 0.01, "sampling": null}}], "values": {"units": 8, "dropout": 0.0, "tuner/epochs": 10, "tuner/initial_epoch": 4, "tuner/bracket": 2, "tuner/round": 2, "tuner/trial_id": "0012"}}, "metrics": {"metrics": {"loss": {"direction": "min", "observations": [{"value": [0.2074648216366768], "step": 0}]}, "mse": {"direction": "min", "observations": [{"value": [0.058115946128964424], "step": 0}]}, "accuracy": {"direction": "max", "observations": [{"value": [0.9264496564865112], "step": 0}]}, "val_loss": {"direction": "min", "observations": [{"value": [0.203582264482975], "step": 0}]}, "val_mse": {"direction": "min", "observations": [{"value": [0.056939445436000824], "step": 0}]}, "val_accuracy": {"direction": "max", "observations": [{"value": [0.9280513226985931], "step": 0}]}}}, "score": 0.058115946128964424, "best_step": 0, "status": "COMPLETED"}