{"trial_id": "0016", "hyperparameters": {"space": [{"class_name": "Int", "config": {"name": "units", "default": null, "conditions": [], "min_value": 4, "max_value": 10, "step": 1, "sampling": null}}, {"class_name": "Float", "config": {"name": "dropout", "default": 0.005, "conditions": [], "min_value": 0.0, "max_value": 0.1, "step": 0.01, "sampling": null}}], "values": {"units": 10, "dropout": 0.0, "tuner/epochs": 10, "tuner/initial_epoch": 4, "tuner/bracket": 2, "tuner/round": 2, "tuner/trial_id": "0013"}}, "metrics": {"metrics": {"loss": {"direction": "min", "observations": [{"value": [0.2063135877251625], "step": 0}]}, "mse": {"direction": "min", "observations": [{"value": [0.05780370160937309], "step": 0}]}, "accuracy": {"direction": "max", "observations": [{"value": [0.926244854927063], "step": 0}]}, "val_loss": {"direction": "min", "observations": [{"value": [0.20352748036384583], "step": 0}]}, "val_mse": {"direction": "min", "observations": [{"value": [0.056888965889811516], "step": 0}]}, "val_accuracy": {"direction": "max", "observations": [{"value": [0.9278238117694855], "step": 0}]}}}, "score": 0.05780370160937309, "best_step": 0, "status": "COMPLETED"}