{"trial_id": "0071", "hyperparameters": {"space": [{"class_name": "Choice", "config": {"name": "activation", "default": "softmax", "conditions": [], "values": ["softmax", "softplus", "softsign", "relu", "tanh", "sigmoid", "hard_sigmoid", "linear"], "ordered": false}}, {"class_name": "Choice", "config": {"name": "optimizer", "default": "SGD", "conditions": [], "values": ["SGD", "RMSprop", "Adagrad", "Adadelta", "Adam", "Adamax", "Nadam"], "ordered": false}}], "values": {"activation": "relu", "optimizer": "Adamax", "tuner/epochs": 10, "tuner/initial_epoch": 5, "tuner/bracket": 2, "tuner/round": 1, "tuner/trial_id": "0065"}}, "metrics": {"metrics": {"loss": {"direction": "min", "observations": [{"value": [0.21076087653636932], "step": 0}]}, "mse": {"direction": "min", "observations": [{"value": [0.05858906731009483], "step": 0}]}, "accuracy": {"direction": "max", "observations": [{"value": [0.9260007739067078], "step": 0}]}, "val_loss": {"direction": "min", "observations": [{"value": [0.20581741631031036], "step": 0}]}, "val_mse": {"direction": "min", "observations": [{"value": [0.05730469897389412], "step": 0}]}, "val_accuracy": {"direction": "max", "observations": [{"value": [0.9275884628295898], "step": 0}]}}}, "score": 0.9275884628295898, "best_step": 0, "status": "COMPLETED"}