{"trial_id": "0019", "hyperparameters": {"space": [{"class_name": "Int", "config": {"name": "units", "default": null, "conditions": [], "min_value": 4, "max_value": 10, "step": 1, "sampling": null}}, {"class_name": "Float", "config": {"name": "dropout", "default": 0.005, "conditions": [], "min_value": 0.0, "max_value": 0.1, "step": 0.01, "sampling": null}}], "values": {"units": 9, "dropout": 0.03, "tuner/epochs": 4, "tuner/initial_epoch": 0, "tuner/bracket": 1, "tuner/round": 0}}, "metrics": {"metrics": {"loss": {"direction": "min", "observations": [{"value": [0.21028710901737213], "step": 0}]}, "mse": {"direction": "min", "observations": [{"value": [0.05863155797123909], "step": 0}]}, "accuracy": {"direction": "max", "observations": [{"value": [0.9256109893321991], "step": 0}]}, "val_loss": {"direction": "min", "observations": [{"value": [0.20562121272087097], "step": 0}]}, "val_mse": {"direction": "min", "observations": [{"value": [0.057209281250834465], "step": 0}]}, "val_accuracy": {"direction": "max", "observations": [{"value": [0.9272549450397491], "step": 0}]}}}, "score": 0.05863155797123909, "best_step": 0, "status": "COMPLETED"}