{"trial_id": "0028", "hyperparameters": {"space": [{"class_name": "Int", "config": {"name": "units", "default": null, "conditions": [], "min_value": 4, "max_value": 10, "step": 1, "sampling": null}}, {"class_name": "Float", "config": {"name": "dropout", "default": 0.005, "conditions": [], "min_value": 0.0, "max_value": 0.1, "step": 0.01, "sampling": null}}], "values": {"units": 5, "dropout": 0.01, "tuner/epochs": 10, "tuner/initial_epoch": 0, "tuner/bracket": 0, "tuner/round": 0}}, "metrics": {"metrics": {"loss": {"direction": "min", "observations": [{"value": [0.2076391950249672], "step": 0}]}, "mse": {"direction": "min", "observations": [{"value": [0.05822881869971752], "step": 0}]}, "accuracy": {"direction": "max", "observations": [{"value": [0.9266544580459595], "step": 0}]}, "val_loss": {"direction": "min", "observations": [{"value": [0.20654647052288055], "step": 0}]}, "val_mse": {"direction": "min", "observations": [{"value": [0.057607319205999374], "step": 0}]}, "val_accuracy": {"direction": "max", "observations": [{"value": [0.927368700504303], "step": 0}]}}}, "score": 0.05822881869971752, "best_step": 0, "status": "COMPLETED"}