{"trial_id": "0089", "hyperparameters": {"space": [{"class_name": "Choice", "config": {"name": "activation", "default": "softmax", "conditions": [], "values": ["softmax", "softplus", "softsign", "relu", "tanh", "sigmoid", "hard_sigmoid", "linear"], "ordered": false}}, {"class_name": "Choice", "config": {"name": "optimizer", "default": "SGD", "conditions": [], "values": ["SGD", "RMSprop", "Adagrad", "Adadelta", "Adam", "Adamax", "Nadam"], "ordered": false}}], "values": {"activation": "tanh", "optimizer": "Nadam", "tuner/epochs": 20, "tuner/initial_epoch": 0, "tuner/bracket": 0, "tuner/round": 0}}, "metrics": {"metrics": {"loss": {"direction": "min", "observations": [{"value": [0.20519548654556274], "step": 0}]}, "mse": {"direction": "min", "observations": [{"value": [0.05767342075705528], "step": 0}]}, "accuracy": {"direction": "max", "observations": [{"value": [0.9265832901000977], "step": 0}]}, "val_loss": {"direction": "min", "observations": [{"value": [0.20039448142051697], "step": 0}]}, "val_mse": {"direction": "min", "observations": [{"value": [0.05622907727956772], "step": 0}]}, "val_accuracy": {"direction": "max", "observations": [{"value": [0.9290083050727844], "step": 0}]}}}, "score": 0.9290083050727844, "best_step": 0, "status": "COMPLETED"}