{"trial_id": "0020", "hyperparameters": {"space": [{"class_name": "Int", "config": {"name": "units", "default": null, "conditions": [], "min_value": 4, "max_value": 10, "step": 1, "sampling": null}}, {"class_name": "Float", "config": {"name": "dropout", "default": 0.005, "conditions": [], "min_value": 0.0, "max_value": 0.1, "step": 0.01, "sampling": null}}], "values": {"units": 4, "dropout": 0.03, "tuner/epochs": 4, "tuner/initial_epoch": 0, "tuner/bracket": 1, "tuner/round": 0}}, "metrics": {"metrics": {"loss": {"direction": "min", "observations": [{"value": [0.21239062398672104], "step": 0}]}, "mse": {"direction": "min", "observations": [{"value": [0.05923094414174557], "step": 0}]}, "accuracy": {"direction": "max", "observations": [{"value": [0.9255037009716034], "step": 0}]}, "val_loss": {"direction": "min", "observations": [{"value": [0.20370348542928696], "step": 0}]}, "val_mse": {"direction": "min", "observations": [{"value": [0.056732404977083206], "step": 0}]}, "val_accuracy": {"direction": "max", "observations": [{"value": [0.9282333552837372], "step": 0}]}}}, "score": 0.05923094414174557, "best_step": 0, "status": "COMPLETED"}