{"trial_id": "0082", "hyperparameters": {"space": [{"class_name": "Choice", "config": {"name": "activation", "default": "softmax", "conditions": [], "values": ["softmax", "softplus", "softsign", "relu", "tanh", "sigmoid", "hard_sigmoid", "linear"], "ordered": false}}, {"class_name": "Choice", "config": {"name": "optimizer", "default": "SGD", "conditions": [], "values": ["SGD", "RMSprop", "Adagrad", "Adadelta", "Adam", "Adamax", "Nadam"], "ordered": false}}], "values": {"activation": "tanh", "optimizer": "RMSprop", "tuner/epochs": 10, "tuner/initial_epoch": 0, "tuner/bracket": 1, "tuner/round": 0}}, "metrics": {"metrics": {"loss": {"direction": "min", "observations": [{"value": [0.21459046006202698], "step": 0}]}, "mse": {"direction": "min", "observations": [{"value": [0.05925494804978371], "step": 0}]}, "accuracy": {"direction": "max", "observations": [{"value": [0.9255092740058899], "step": 0}]}, "val_loss": {"direction": "min", "observations": [{"value": [0.20694662630558014], "step": 0}]}, "val_mse": {"direction": "min", "observations": [{"value": [0.05725923553109169], "step": 0}]}, "val_accuracy": {"direction": "max", "observations": [{"value": [0.9278615117073059], "step": 0}]}}}, "score": 0.9278615117073059, "best_step": 0, "status": "COMPLETED"}