{"trial_id": "0058", "hyperparameters": {"space": [{"class_name": "Choice", "config": {"name": "activation", "default": "softmax", "conditions": [], "values": ["softmax", "softplus", "softsign", "relu", "tanh", "sigmoid", "hard_sigmoid", "linear"], "ordered": false}}, {"class_name": "Choice", "config": {"name": "optimizer", "default": "SGD", "conditions": [], "values": ["SGD", "RMSprop", "Adagrad", "Adadelta", "Adam", "Adamax", "Nadam"], "ordered": false}}], "values": {"activation": "relu", "optimizer": "RMSprop", "tuner/epochs": 10, "tuner/initial_epoch": 5, "tuner/bracket": 3, "tuner/round": 2, "tuner/trial_id": "0056"}}, "metrics": {"metrics": {"loss": {"direction": "min", "observations": [{"value": [0.20886509120464325], "step": 0}]}, "mse": {"direction": "min", "observations": [{"value": [0.05856534466147423], "step": 0}]}, "accuracy": {"direction": "max", "observations": [{"value": [0.9254910349845886], "step": 0}]}, "val_loss": {"direction": "min", "observations": [{"value": [0.20254738628864288], "step": 0}]}, "val_mse": {"direction": "min", "observations": [{"value": [0.05691031739115715], "step": 0}]}, "val_accuracy": {"direction": "max", "observations": [{"value": [0.9279161095619202], "step": 0}]}}}, "score": 0.9279161095619202, "best_step": 0, "status": "COMPLETED"}