{"trial_id": "0010", "hyperparameters": {"space": [{"class_name": "Choice", "config": {"name": "activation", "default": "softmax", "conditions": [], "values": ["softmax", "softplus", "softsign", "relu", "tanh", "sigmoid", "hard_sigmoid", "linear"], "ordered": false}}, {"class_name": "Choice", "config": {"name": "optimizer", "default": "SGD", "conditions": [], "values": ["SGD", "RMSprop", "Adagrad", "Adadelta", "Adam", "Adamax", "Nadam"], "ordered": false}}], "values": {"activation": "sigmoid", "optimizer": "Adamax", "tuner/epochs": 2, "tuner/initial_epoch": 0, "tuner/bracket": 4, "tuner/round": 0}}, "metrics": {"metrics": {"loss": {"direction": "min", "observations": [{"value": [0.23076999187469482], "step": 0}]}, "mse": {"direction": "min", "observations": [{"value": [0.06371999531984329], "step": 0}]}, "accuracy": {"direction": "max", "observations": [{"value": [0.9144048094749451], "step": 0}]}, "val_loss": {"direction": "min", "observations": [{"value": [0.2217053771018982], "step": 0}]}, "val_mse": {"direction": "min", "observations": [{"value": [0.060958195477724075], "step": 0}]}, "val_accuracy": {"direction": "max", "observations": [{"value": [0.9221275448799133], "step": 0}]}}}, "score": 0.9221275448799133, "best_step": 0, "status": "COMPLETED"}