{"trial_id": "0091", "hyperparameters": {"space": [{"class_name": "Choice", "config": {"name": "activation", "default": "softmax", "conditions": [], "values": ["softmax", "softplus", "softsign", "relu", "tanh", "sigmoid", "hard_sigmoid", "linear"], "ordered": false}}, {"class_name": "Choice", "config": {"name": "optimizer", "default": "SGD", "conditions": [], "values": ["SGD", "RMSprop", "Adagrad", "Adadelta", "Adam", "Adamax", "Nadam"], "ordered": false}}], "values": {"activation": "softplus", "optimizer": "SGD", "tuner/epochs": 20, "tuner/initial_epoch": 0, "tuner/bracket": 0, "tuner/round": 0}}, "metrics": {"metrics": {"loss": {"direction": "min", "observations": [{"value": [0.216668963432312], "step": 0}]}, "mse": {"direction": "min", "observations": [{"value": [0.05954993516206741], "step": 0}]}, "accuracy": {"direction": "max", "observations": [{"value": [0.925873339176178], "step": 0}]}, "val_loss": {"direction": "min", "observations": [{"value": [0.2114529013633728], "step": 0}]}, "val_mse": {"direction": "min", "observations": [{"value": [0.05824372544884682], "step": 0}]}, "val_accuracy": {"direction": "max", "observations": [{"value": [0.9278069138526917], "step": 0}]}}}, "score": 0.9278069138526917, "best_step": 0, "status": "COMPLETED"}