{"trial_id": "0017", "hyperparameters": {"space": [{"class_name": "Choice", "config": {"name": "activation", "default": "softmax", "conditions": [], "values": ["softmax", "softplus", "softsign", "relu", "tanh", "sigmoid", "hard_sigmoid", "linear"], "ordered": false}}, {"class_name": "Choice", "config": {"name": "optimizer", "default": "SGD", "conditions": [], "values": ["SGD", "RMSprop", "Adagrad", "Adadelta", "Adam", "Adamax", "Nadam"], "ordered": false}}], "values": {"activation": "tanh", "optimizer": "SGD", "tuner/epochs": 2, "tuner/initial_epoch": 0, "tuner/bracket": 4, "tuner/round": 0}}, "metrics": {"metrics": {"loss": {"direction": "min", "observations": [{"value": [0.22212748229503632], "step": 0}]}, "mse": {"direction": "min", "observations": [{"value": [0.0606406144797802], "step": 0}]}, "accuracy": {"direction": "max", "observations": [{"value": [0.9251633882522583], "step": 0}]}, "val_loss": {"direction": "min", "observations": [{"value": [0.21568085253238678], "step": 0}]}, "val_mse": {"direction": "min", "observations": [{"value": [0.05888906493782997], "step": 0}]}, "val_accuracy": {"direction": "max", "observations": [{"value": [0.9274792671203613], "step": 0}]}}}, "score": 0.9274792671203613, "best_step": 0, "status": "COMPLETED"}