{"trial_id": "0054", "hyperparameters": {"space": [{"class_name": "Choice", "config": {"name": "activation", "default": "softmax", "conditions": [], "values": ["softmax", "softplus", "softsign", "relu", "tanh", "sigmoid", "hard_sigmoid", "linear"], "ordered": false}}, {"class_name": "Choice", "config": {"name": "optimizer", "default": "SGD", "conditions": [], "values": ["SGD", "RMSprop", "Adagrad", "Adadelta", "Adam", "Adamax", "Nadam"], "ordered": false}}], "values": {"activation": "linear", "optimizer": "SGD", "tuner/epochs": 5, "tuner/initial_epoch": 3, "tuner/bracket": 3, "tuner/round": 1, "tuner/trial_id": "0046"}}, "metrics": {"metrics": {"loss": {"direction": "min", "observations": [{"value": [0.2228296846151352], "step": 0}]}, "mse": {"direction": "min", "observations": [{"value": [0.060850828886032104], "step": 0}]}, "accuracy": {"direction": "max", "observations": [{"value": [0.9252725839614868], "step": 0}]}, "val_loss": {"direction": "min", "observations": [{"value": [0.21701687574386597], "step": 0}]}, "val_mse": {"direction": "min", "observations": [{"value": [0.05926653742790222], "step": 0}]}, "val_accuracy": {"direction": "max", "observations": [{"value": [0.9269331693649292], "step": 0}]}}}, "score": 0.9269331693649292, "best_step": 0, "status": "COMPLETED"}