{"trial_id": "0007", "hyperparameters": {"space": [{"class_name": "Choice", "config": {"name": "activation", "default": "softmax", "conditions": [], "values": ["softmax", "softplus", "softsign", "relu", "tanh", "sigmoid", "hard_sigmoid", "linear"], "ordered": false}}, {"class_name": "Choice", "config": {"name": "optimizer", "default": "SGD", "conditions": [], "values": ["SGD", "RMSprop", "Adagrad", "Adadelta", "Adam", "Adamax", "Nadam"], "ordered": false}}], "values": {"activation": "softsign", "optimizer": "SGD", "tuner/epochs": 2, "tuner/initial_epoch": 0, "tuner/bracket": 4, "tuner/round": 0}}, "metrics": {"metrics": {"loss": {"direction": "min", "observations": [{"value": [0.22359108924865723], "step": 0}]}, "mse": {"direction": "min", "observations": [{"value": [0.061030298471450806], "step": 0}]}, "accuracy": {"direction": "max", "observations": [{"value": [0.9254546165466309], "step": 0}]}, "val_loss": {"direction": "min", "observations": [{"value": [0.2164725512266159], "step": 0}]}, "val_mse": {"direction": "min", "observations": [{"value": [0.05910075083374977], "step": 0}]}, "val_accuracy": {"direction": "max", "observations": [{"value": [0.9277523159980774], "step": 0}]}}}, "score": 0.9277523159980774, "best_step": 0, "status": "COMPLETED"}