{"trial_id": "0024", "hyperparameters": {"space": [{"class_name": "Choice", "config": {"name": "activation", "default": "softmax", "conditions": [], "values": ["softmax", "softplus", "softsign", "relu", "tanh", "sigmoid", "hard_sigmoid", "linear"], "ordered": false}}, {"class_name": "Choice", "config": {"name": "optimizer", "default": "SGD", "conditions": [], "values": ["SGD", "RMSprop", "Adagrad", "Adadelta", "Adam", "Adamax", "Nadam"], "ordered": false}}], "values": {"activation": "tanh", "optimizer": "Adamax", "tuner/epochs": 3, "tuner/initial_epoch": 2, "tuner/bracket": 4, "tuner/round": 1, "tuner/trial_id": "0014"}}, "metrics": {"metrics": {"loss": {"direction": "min", "observations": [{"value": [0.2461651861667633], "step": 0}]}, "mse": {"direction": "min", "observations": [{"value": [0.06883587688207626], "step": 0}]}, "accuracy": {"direction": "max", "observations": [{"value": [0.9207944273948669], "step": 0}]}, "val_loss": {"direction": "min", "observations": [{"value": [0.21659669280052185], "step": 0}]}, "val_mse": {"direction": "min", "observations": [{"value": [0.0589117594063282], "step": 0}]}, "val_accuracy": {"direction": "max", "observations": [{"value": [0.9260594248771667], "step": 0}]}}}, "score": 0.9260594248771667, "best_step": 0, "status": "COMPLETED"}