{"trial_id": "0056", "hyperparameters": {"space": [{"class_name": "Choice", "config": {"name": "activation", "default": "softmax", "conditions": [], "values": ["softmax", "softplus", "softsign", "relu", "tanh", "sigmoid", "hard_sigmoid", "linear"], "ordered": false}}, {"class_name": "Choice", "config": {"name": "optimizer", "default": "SGD", "conditions": [], "values": ["SGD", "RMSprop", "Adagrad", "Adadelta", "Adam", "Adamax", "Nadam"], "ordered": false}}], "values": {"activation": "relu", "optimizer": "RMSprop", "tuner/epochs": 5, "tuner/initial_epoch": 3, "tuner/bracket": 3, "tuner/round": 1, "tuner/trial_id": "0042"}}, "metrics": {"metrics": {"loss": {"direction": "min", "observations": [{"value": [0.21418771147727966], "step": 0}]}, "mse": {"direction": "min", "observations": [{"value": [0.059318605810403824], "step": 0}]}, "accuracy": {"direction": "max", "observations": [{"value": [0.925145149230957], "step": 0}]}, "val_loss": {"direction": "min", "observations": [{"value": [0.20833244919776917], "step": 0}]}, "val_mse": {"direction": "min", "observations": [{"value": [0.0576351135969162], "step": 0}]}, "val_accuracy": {"direction": "max", "observations": [{"value": [0.9283530116081238], "step": 0}]}}}, "score": 0.9283530116081238, "best_step": 0, "status": "COMPLETED"}