{"trial_id": "0038", "hyperparameters": {"space": [{"class_name": "Choice", "config": {"name": "activation", "default": "softmax", "conditions": [], "values": ["softmax", "softplus", "softsign", "relu", "tanh", "sigmoid", "hard_sigmoid", "linear"], "ordered": false}}, {"class_name": "Choice", "config": {"name": "optimizer", "default": "SGD", "conditions": [], "values": ["SGD", "RMSprop", "Adagrad", "Adadelta", "Adam", "Adamax", "Nadam"], "ordered": false}}], "values": {"activation": "softsign", "optimizer": "Adam", "tuner/epochs": 20, "tuner/initial_epoch": 10, "tuner/bracket": 4, "tuner/round": 4, "tuner/trial_id": "0035"}}, "metrics": {"metrics": {"loss": {"direction": "min", "observations": [{"value": [0.20347465574741364], "step": 0}]}, "mse": {"direction": "min", "observations": [{"value": [0.05732123553752899], "step": 0}]}, "accuracy": {"direction": "max", "observations": [{"value": [0.9269473552703857], "step": 0}]}, "val_loss": {"direction": "min", "observations": [{"value": [0.1996867060661316], "step": 0}]}, "val_mse": {"direction": "min", "observations": [{"value": [0.05611773207783699], "step": 0}]}, "val_accuracy": {"direction": "max", "observations": [{"value": [0.9285168051719666], "step": 0}]}}}, "score": 0.9285168051719666, "best_step": 0, "status": "COMPLETED"}