{"trial_id": "0000", "hyperparameters": {"space": [{"class_name": "Choice", "config": {"name": "activation", "default": "softmax", "conditions": [], "values": ["softmax", "softplus", "softsign", "relu", "tanh", "sigmoid", "hard_sigmoid", "linear"], "ordered": false}}, {"class_name": "Choice", "config": {"name": "optimizer", "default": "SGD", "conditions": [], "values": ["SGD", "RMSprop", "Adagrad", "Adadelta", "Adam", "Adamax", "Nadam"], "ordered": false}}], "values": {"activation": "softsign", "optimizer": "Adadelta", "tuner/epochs": 2, "tuner/initial_epoch": 0, "tuner/bracket": 4, "tuner/round": 0}}, "metrics": {"metrics": {"loss": {"direction": "min", "observations": [{"value": [0.6672112941741943], "step": 0}]}, "mse": {"direction": "min", "observations": [{"value": [0.23704184591770172], "step": 0}]}, "accuracy": {"direction": "max", "observations": [{"value": [0.8463947176933289], "step": 0}]}, "val_loss": {"direction": "min", "observations": [{"value": [0.6569221615791321], "step": 0}]}, "val_mse": {"direction": "min", "observations": [{"value": [0.23190781474113464], "step": 0}]}, "val_accuracy": {"direction": "max", "observations": [{"value": [0.8775120377540588], "step": 0}]}}}, "score": 0.8775120377540588, "best_step": 0, "status": "COMPLETED"}