{"trial_id": "0030", "hyperparameters": {"space": [{"class_name": "Choice", "config": {"name": "activation", "default": "softmax", "conditions": [], "values": ["softmax", "softplus", "softsign", "relu", "tanh", "sigmoid", "hard_sigmoid", "linear"], "ordered": false}}, {"class_name": "Choice", "config": {"name": "optimizer", "default": "SGD", "conditions": [], "values": ["SGD", "RMSprop", "Adagrad", "Adadelta", "Adam", "Adamax", "Nadam"], "ordered": false}}], "values": {"activation": "softsign", "optimizer": "Adam", "tuner/epochs": 5, "tuner/initial_epoch": 3, "tuner/bracket": 4, "tuner/round": 2, "tuner/trial_id": "0020"}}, "metrics": {"metrics": {"loss": {"direction": "min", "observations": [{"value": [0.24283356964588165], "step": 0}]}, "mse": {"direction": "min", "observations": [{"value": [0.06740158796310425], "step": 0}]}, "accuracy": {"direction": "max", "observations": [{"value": [0.9208126068115234], "step": 0}]}, "val_loss": {"direction": "min", "observations": [{"value": [0.21369977295398712], "step": 0}]}, "val_mse": {"direction": "min", "observations": [{"value": [0.058106429874897], "step": 0}]}, "val_accuracy": {"direction": "max", "observations": [{"value": [0.9281891584396362], "step": 0}]}}}, "score": 0.9281891584396362, "best_step": 0, "status": "COMPLETED"}