{"trial_id": "0039", "hyperparameters": {"space": [{"class_name": "Choice", "config": {"name": "activation", "default": "softmax", "conditions": [], "values": ["softmax", "softplus", "softsign", "relu", "tanh", "sigmoid", "hard_sigmoid", "linear"], "ordered": false}}, {"class_name": "Choice", "config": {"name": "optimizer", "default": "SGD", "conditions": [], "values": ["SGD", "RMSprop", "Adagrad", "Adadelta", "Adam", "Adamax", "Nadam"], "ordered": false}}], "values": {"activation": "sigmoid", "optimizer": "RMSprop", "tuner/epochs": 20, "tuner/initial_epoch": 10, "tuner/bracket": 4, "tuner/round": 4, "tuner/trial_id": "0036"}}, "metrics": {"metrics": {"loss": {"direction": "min", "observations": [{"value": [0.252458393573761], "step": 0}]}, "mse": {"direction": "min", "observations": [{"value": [0.0704980120062828], "step": 0}]}, "accuracy": {"direction": "max", "observations": [{"value": [0.9114739894866943], "step": 0}]}, "val_loss": {"direction": "min", "observations": [{"value": [0.21750228106975555], "step": 0}]}, "val_mse": {"direction": "min", "observations": [{"value": [0.059413500130176544], "step": 0}]}, "val_accuracy": {"direction": "max", "observations": [{"value": [0.9280253648757935], "step": 0}]}}}, "score": 0.9280253648757935, "best_step": 0, "status": "COMPLETED"}