{"trial_id": "0074", "hyperparameters": {"space": [{"class_name": "Choice", "config": {"name": "activation", "default": "softmax", "conditions": [], "values": ["softmax", "softplus", "softsign", "relu", "tanh", "sigmoid", "hard_sigmoid", "linear"], "ordered": false}}, {"class_name": "Choice", "config": {"name": "optimizer", "default": "SGD", "conditions": [], "values": ["SGD", "RMSprop", "Adagrad", "Adadelta", "Adam", "Adamax", "Nadam"], "ordered": false}}], "values": {"activation": "softplus", "optimizer": "Adadelta", "tuner/epochs": 10, "tuner/initial_epoch": 5, "tuner/bracket": 2, "tuner/round": 1, "tuner/trial_id": "0063"}}, "metrics": {"metrics": {"loss": {"direction": "min", "observations": [{"value": [0.6672160029411316], "step": 0}]}, "mse": {"direction": "min", "observations": [{"value": [0.23706786334514618], "step": 0}]}, "accuracy": {"direction": "max", "observations": [{"value": [0.668541669845581], "step": 0}]}, "val_loss": {"direction": "min", "observations": [{"value": [0.6039533019065857], "step": 0}]}, "val_mse": {"direction": "min", "observations": [{"value": [0.20559534430503845], "step": 0}]}, "val_accuracy": {"direction": "max", "observations": [{"value": [0.9153014421463013], "step": 0}]}}}, "score": 0.9153014421463013, "best_step": 0, "status": "COMPLETED"}