{"trial_id": "0006", "hyperparameters": {"space": [{"class_name": "Choice", "config": {"name": "activation", "default": "softmax", "conditions": [], "values": ["softmax", "softplus", "softsign", "relu", "tanh", "sigmoid", "hard_sigmoid", "linear"], "ordered": false}}, {"class_name": "Choice", "config": {"name": "optimizer", "default": "SGD", "conditions": [], "values": ["SGD", "RMSprop", "Adagrad", "Adadelta", "Adam", "Adamax", "Nadam"], "ordered": false}}], "values": {"activation": "softmax", "optimizer": "Adam", "tuner/epochs": 2, "tuner/initial_epoch": 0, "tuner/bracket": 4, "tuner/round": 0}}, "metrics": {"metrics": {"loss": {"direction": "min", "observations": [{"value": [0.3523421287536621], "step": 0}]}, "mse": {"direction": "min", "observations": [{"value": [0.10243084281682968], "step": 0}]}, "accuracy": {"direction": "max", "observations": [{"value": [0.8993865251541138], "step": 0}]}, "val_loss": {"direction": "min", "observations": [{"value": [0.24108640849590302], "step": 0}]}, "val_mse": {"direction": "min", "observations": [{"value": [0.06619587540626526], "step": 0}]}, "val_accuracy": {"direction": "max", "observations": [{"value": [0.9153014421463013], "step": 0}]}}}, "score": 0.9153014421463013, "best_step": 0, "status": "COMPLETED"}