{"trial_id": "0053", "hyperparameters": {"space": [{"class_name": "Choice", "config": {"name": "activation", "default": "softmax", "conditions": [], "values": ["softmax", "softplus", "softsign", "relu", "tanh", "sigmoid", "hard_sigmoid", "linear"], "ordered": false}}, {"class_name": "Choice", "config": {"name": "optimizer", "default": "SGD", "conditions": [], "values": ["SGD", "RMSprop", "Adagrad", "Adadelta", "Adam", "Adamax", "Nadam"], "ordered": false}}], "values": {"activation": "softplus", "optimizer": "Adam", "tuner/epochs": 5, "tuner/initial_epoch": 3, "tuner/bracket": 3, "tuner/round": 1, "tuner/trial_id": "0048"}}, "metrics": {"metrics": {"loss": {"direction": "min", "observations": [{"value": [0.2166661024093628], "step": 0}]}, "mse": {"direction": "min", "observations": [{"value": [0.05970938503742218], "step": 0}]}, "accuracy": {"direction": "max", "observations": [{"value": [0.9256367087364197], "step": 0}]}, "val_loss": {"direction": "min", "observations": [{"value": [0.21054160594940186], "step": 0}]}, "val_mse": {"direction": "min", "observations": [{"value": [0.05802157521247864], "step": 0}]}, "val_accuracy": {"direction": "max", "observations": [{"value": [0.9279707074165344], "step": 0}]}}}, "score": 0.9279707074165344, "best_step": 0, "status": "COMPLETED"}