{"trial_id": "0068", "hyperparameters": {"space": [{"class_name": "Choice", "config": {"name": "activation", "default": "softmax", "conditions": [], "values": ["softmax", "softplus", "softsign", "relu", "tanh", "sigmoid", "hard_sigmoid", "linear"], "ordered": false}}, {"class_name": "Choice", "config": {"name": "optimizer", "default": "SGD", "conditions": [], "values": ["SGD", "RMSprop", "Adagrad", "Adadelta", "Adam", "Adamax", "Nadam"], "ordered": false}}], "values": {"activation": "hard_sigmoid", "optimizer": "SGD", "tuner/epochs": 5, "tuner/initial_epoch": 0, "tuner/bracket": 2, "tuner/round": 0}}, "metrics": {"metrics": {"loss": {"direction": "min", "observations": [{"value": [0.29531005024909973], "step": 0}]}, "mse": {"direction": "min", "observations": [{"value": [0.07914437353610992], "step": 0}]}, "accuracy": {"direction": "max", "observations": [{"value": [0.9137676954269409], "step": 0}]}, "val_loss": {"direction": "min", "observations": [{"value": [0.2896249294281006], "step": 0}]}, "val_mse": {"direction": "min", "observations": [{"value": [0.07744984328746796], "step": 0}]}, "val_accuracy": {"direction": "max", "observations": [{"value": [0.9153014421463013], "step": 0}]}}}, "score": 0.9153014421463013, "best_step": 0, "status": "COMPLETED"}