{"trial_id": "0090", "hyperparameters": {"space": [{"class_name": "Choice", "config": {"name": "activation", "default": "softmax", "conditions": [], "values": ["softmax", "softplus", "softsign", "relu", "tanh", "sigmoid", "hard_sigmoid", "linear"], "ordered": false}}, {"class_name": "Choice", "config": {"name": "optimizer", "default": "SGD", "conditions": [], "values": ["SGD", "RMSprop", "Adagrad", "Adadelta", "Adam", "Adamax", "Nadam"], "ordered": false}}], "values": {"activation": "relu", "optimizer": "SGD", "tuner/epochs": 20, "tuner/initial_epoch": 0, "tuner/bracket": 0, "tuner/round": 0}}, "metrics": {"metrics": {"loss": {"direction": "min", "observations": [{"value": [0.20628254115581512], "step": 0}]}, "mse": {"direction": "min", "observations": [{"value": [0.05777810513973236], "step": 0}]}, "accuracy": {"direction": "max", "observations": [{"value": [0.9263466596603394], "step": 0}]}, "val_loss": {"direction": "min", "observations": [{"value": [0.20181874930858612], "step": 0}]}, "val_mse": {"direction": "min", "observations": [{"value": [0.056545864790678024], "step": 0}]}, "val_accuracy": {"direction": "max", "observations": [{"value": [0.9291175007820129], "step": 0}]}}}, "score": 0.9291175007820129, "best_step": 0, "status": "COMPLETED"}