{"trial_id": "0042", "hyperparameters": {"space": [{"class_name": "Choice", "config": {"name": "activation", "default": "softmax", "conditions": [], "values": ["softmax", "softplus", "softsign", "relu", "tanh", "sigmoid", "hard_sigmoid", "linear"], "ordered": false}}, {"class_name": "Choice", "config": {"name": "optimizer", "default": "SGD", "conditions": [], "values": ["SGD", "RMSprop", "Adagrad", "Adadelta", "Adam", "Adamax", "Nadam"], "ordered": false}}], "values": {"activation": "relu", "optimizer": "RMSprop", "tuner/epochs": 3, "tuner/initial_epoch": 0, "tuner/bracket": 3, "tuner/round": 0}}, "metrics": {"metrics": {"loss": {"direction": "min", "observations": [{"value": [0.21960937976837158], "step": 0}]}, "mse": {"direction": "min", "observations": [{"value": [0.06009918823838234], "step": 0}]}, "accuracy": {"direction": "max", "observations": [{"value": [0.9248903393745422], "step": 0}]}, "val_loss": {"direction": "min", "observations": [{"value": [0.2131222039461136], "step": 0}]}, "val_mse": {"direction": "min", "observations": [{"value": [0.058510590344667435], "step": 0}]}, "val_accuracy": {"direction": "max", "observations": [{"value": [0.9266601204872131], "step": 0}]}}}, "score": 0.9266601204872131, "best_step": 0, "status": "COMPLETED"}