{"trial_id": "0001", "hyperparameters": {"space": [{"class_name": "Choice", "config": {"name": "activation", "default": "softmax", "conditions": [], "values": ["softmax", "softplus", "softsign", "relu", "tanh", "sigmoid", "hard_sigmoid", "linear"], "ordered": false}}, {"class_name": "Choice", "config": {"name": "optimizer", "default": "SGD", "conditions": [], "values": ["SGD", "RMSprop", "Adagrad", "Adadelta", "Adam", "Adamax", "Nadam"], "ordered": false}}], "values": {"activation": "tanh", "optimizer": "Adadelta", "tuner/epochs": 2, "tuner/initial_epoch": 0, "tuner/bracket": 4, "tuner/round": 0}}, "metrics": {"metrics": {"loss": {"direction": "min", "observations": [{"value": [0.6733006238937378], "step": 0}]}, "mse": {"direction": "min", "observations": [{"value": [0.24007953703403473], "step": 0}]}, "accuracy": {"direction": "max", "observations": [{"value": [0.8966013193130493], "step": 0}]}, "val_loss": {"direction": "min", "observations": [{"value": [0.6644264459609985], "step": 0}]}, "val_mse": {"direction": "min", "observations": [{"value": [0.2356477826833725], "step": 0}]}, "val_accuracy": {"direction": "max", "observations": [{"value": [0.9125710129737854], "step": 0}]}}}, "score": 0.9125710129737854, "best_step": 0, "status": "COMPLETED"}