{"trial_id": "0049", "hyperparameters": {"space": [{"class_name": "Choice", "config": {"name": "activation", "default": "softmax", "conditions": [], "values": ["softmax", "softplus", "softsign", "relu", "tanh", "sigmoid", "hard_sigmoid", "linear"], "ordered": false}}, {"class_name": "Choice", "config": {"name": "optimizer", "default": "SGD", "conditions": [], "values": ["SGD", "RMSprop", "Adagrad", "Adadelta", "Adam", "Adamax", "Nadam"], "ordered": false}}], "values": {"activation": "linear", "optimizer": "Nadam", "tuner/epochs": 3, "tuner/initial_epoch": 0, "tuner/bracket": 3, "tuner/round": 0}}, "metrics": {"metrics": {"loss": {"direction": "min", "observations": [{"value": [0.2233365774154663], "step": 0}]}, "mse": {"direction": "min", "observations": [{"value": [0.06085143983364105], "step": 0}]}, "accuracy": {"direction": "max", "observations": [{"value": [0.9243077635765076], "step": 0}]}, "val_loss": {"direction": "min", "observations": [{"value": [0.21679389476776123], "step": 0}]}, "val_mse": {"direction": "min", "observations": [{"value": [0.058970559388399124], "step": 0}]}, "val_accuracy": {"direction": "max", "observations": [{"value": [0.9269877672195435], "step": 0}]}}}, "score": 0.9269877672195435, "best_step": 0, "status": "COMPLETED"}