{"trial_id": "0076", "hyperparameters": {"space": [{"class_name": "Choice", "config": {"name": "activation", "default": "softmax", "conditions": [], "values": ["softmax", "softplus", "softsign", "relu", "tanh", "sigmoid", "hard_sigmoid", "linear"], "ordered": false}}, {"class_name": "Choice", "config": {"name": "optimizer", "default": "SGD", "conditions": [], "values": ["SGD", "RMSprop", "Adagrad", "Adadelta", "Adam", "Adamax", "Nadam"], "ordered": false}}], "values": {"activation": "relu", "optimizer": "Adamax", "tuner/epochs": 20, "tuner/initial_epoch": 10, "tuner/bracket": 2, "tuner/round": 2, "tuner/trial_id": "0071"}}, "metrics": {"metrics": {"loss": {"direction": "min", "observations": [{"value": [0.21128591895103455], "step": 0}]}, "mse": {"direction": "min", "observations": [{"value": [0.058623284101486206], "step": 0}]}, "accuracy": {"direction": "max", "observations": [{"value": [0.9265468716621399], "step": 0}]}, "val_loss": {"direction": "min", "observations": [{"value": [0.2062586098909378], "step": 0}]}, "val_mse": {"direction": "min", "observations": [{"value": [0.05727871507406235], "step": 0}]}, "val_accuracy": {"direction": "max", "observations": [{"value": [0.9280799627304077], "step": 0}]}}}, "score": 0.9280799627304077, "best_step": 0, "status": "COMPLETED"}