{"trial_id": "0026", "hyperparameters": {"space": [{"class_name": "Choice", "config": {"name": "activation", "default": "softmax", "conditions": [], "values": ["softmax", "softplus", "softsign", "relu", "tanh", "sigmoid", "hard_sigmoid", "linear"], "ordered": false}}, {"class_name": "Choice", "config": {"name": "optimizer", "default": "SGD", "conditions": [], "values": ["SGD", "RMSprop", "Adagrad", "Adadelta", "Adam", "Adamax", "Nadam"], "ordered": false}}], "values": {"activation": "tanh", "optimizer": "SGD", "tuner/epochs": 3, "tuner/initial_epoch": 2, "tuner/bracket": 4, "tuner/round": 1, "tuner/trial_id": "0017"}}, "metrics": {"metrics": {"loss": {"direction": "min", "observations": [{"value": [0.2517365515232086], "step": 0}]}, "mse": {"direction": "min", "observations": [{"value": [0.06925555318593979], "step": 0}]}, "accuracy": {"direction": "max", "observations": [{"value": [0.9215953946113586], "step": 0}]}, "val_loss": {"direction": "min", "observations": [{"value": [0.21685484051704407], "step": 0}]}, "val_mse": {"direction": "min", "observations": [{"value": [0.059198129922151566], "step": 0}]}, "val_accuracy": {"direction": "max", "observations": [{"value": [0.9270423650741577], "step": 0}]}}}, "score": 0.9270423650741577, "best_step": 0, "status": "COMPLETED"}