{"trial_id": "0029", "hyperparameters": {"space": [{"class_name": "Int", "config": {"name": "units", "default": null, "conditions": [], "min_value": 4, "max_value": 10, "step": 1, "sampling": null}}, {"class_name": "Float", "config": {"name": "dropout", "default": 0.005, "conditions": [], "min_value": 0.0, "max_value": 0.1, "step": 0.01, "sampling": null}}], "values": {"units": 7, "dropout": 0.09, "tuner/epochs": 10, "tuner/initial_epoch": 0, "tuner/bracket": 0, "tuner/round": 0}}, "metrics": {"metrics": {"loss": {"direction": "min", "observations": [{"value": [0.20900940150022507], "step": 0}]}, "mse": {"direction": "min", "observations": [{"value": [0.058277590200304985], "step": 0}]}, "accuracy": {"direction": "max", "observations": [{"value": [0.9257572591304779], "step": 0}]}, "val_loss": {"direction": "min", "observations": [{"value": [0.20246471464633942], "step": 0}]}, "val_mse": {"direction": "min", "observations": [{"value": [0.056486887857317924], "step": 0}]}, "val_accuracy": {"direction": "max", "observations": [{"value": [0.9283926486968994], "step": 0}]}}}, "score": 0.058277590200304985, "best_step": 0, "status": "COMPLETED"}