{"trial_id": "0062", "hyperparameters": {"space": [{"class_name": "Choice", "config": {"name": "activation", "default": "softmax", "conditions": [], "values": ["softmax", "softplus", "softsign", "relu", "tanh", "sigmoid", "hard_sigmoid", "linear"], "ordered": false}}, {"class_name": "Choice", "config": {"name": "optimizer", "default": "SGD", "conditions": [], "values": ["SGD", "RMSprop", "Adagrad", "Adadelta", "Adam", "Adamax", "Nadam"], "ordered": false}}], "values": {"activation": "softplus", "optimizer": "Adam", "tuner/epochs": 20, "tuner/initial_epoch": 10, "tuner/bracket": 3, "tuner/round": 3, "tuner/trial_id": "0059"}}, "metrics": {"metrics": {"loss": {"direction": "min", "observations": [{"value": [0.2179955095052719], "step": 0}]}, "mse": {"direction": "min", "observations": [{"value": [0.059695228934288025], "step": 0}]}, "accuracy": {"direction": "max", "observations": [{"value": [0.9257459044456482], "step": 0}]}, "val_loss": {"direction": "min", "observations": [{"value": [0.21039369702339172], "step": 0}]}, "val_mse": {"direction": "min", "observations": [{"value": [0.05790819600224495], "step": 0}]}, "val_accuracy": {"direction": "max", "observations": [{"value": [0.9285168051719666], "step": 0}]}}}, "score": 0.9285168051719666, "best_step": 0, "status": "COMPLETED"}