{"trial_id": "0005", "hyperparameters": {"space": [{"class_name": "Choice", "config": {"name": "activation", "default": "softmax", "conditions": [], "values": ["softmax", "softplus", "softsign", "relu", "tanh", "sigmoid", "hard_sigmoid", "linear"], "ordered": false}}, {"class_name": "Choice", "config": {"name": "optimizer", "default": "SGD", "conditions": [], "values": ["SGD", "RMSprop", "Adagrad", "Adadelta", "Adam", "Adamax", "Nadam"], "ordered": false}}], "values": {"activation": "softsign", "optimizer": "RMSprop", "tuner/epochs": 2, "tuner/initial_epoch": 0, "tuner/bracket": 4, "tuner/round": 0}}, "metrics": {"metrics": {"loss": {"direction": "min", "observations": [{"value": [0.21838699281215668], "step": 0}]}, "mse": {"direction": "min", "observations": [{"value": [0.059813179075717926], "step": 0}]}, "accuracy": {"direction": "max", "observations": [{"value": [0.9248903393745422], "step": 0}]}, "val_loss": {"direction": "min", "observations": [{"value": [0.2112603336572647], "step": 0}]}, "val_mse": {"direction": "min", "observations": [{"value": [0.05821358785033226], "step": 0}]}, "val_accuracy": {"direction": "max", "observations": [{"value": [0.9263870716094971], "step": 0}]}}}, "score": 0.9263870716094971, "best_step": 0, "status": "COMPLETED"}