{"trial_id": "0027", "hyperparameters": {"space": [{"class_name": "Choice", "config": {"name": "activation", "default": "softmax", "conditions": [], "values": ["softmax", "softplus", "softsign", "relu", "tanh", "sigmoid", "hard_sigmoid", "linear"], "ordered": false}}, {"class_name": "Choice", "config": {"name": "optimizer", "default": "SGD", "conditions": [], "values": ["SGD", "RMSprop", "Adagrad", "Adadelta", "Adam", "Adamax", "Nadam"], "ordered": false}}], "values": {"activation": "hard_sigmoid", "optimizer": "RMSprop", "tuner/epochs": 3, "tuner/initial_epoch": 2, "tuner/bracket": 4, "tuner/round": 1, "tuner/trial_id": "0013"}}, "metrics": {"metrics": {"loss": {"direction": "min", "observations": [{"value": [0.23857536911964417], "step": 0}]}, "mse": {"direction": "min", "observations": [{"value": [0.06627874076366425], "step": 0}]}, "accuracy": {"direction": "max", "observations": [{"value": [0.9145504236221313], "step": 0}]}, "val_loss": {"direction": "min", "observations": [{"value": [0.21803294122219086], "step": 0}]}, "val_mse": {"direction": "min", "observations": [{"value": [0.06018323823809624], "step": 0}]}, "val_accuracy": {"direction": "max", "observations": [{"value": [0.927151620388031], "step": 0}]}}}, "score": 0.927151620388031, "best_step": 0, "status": "COMPLETED"}