{"trial_id": "0011", "hyperparameters": {"space": [{"class_name": "Int", "config": {"name": "units", "default": null, "conditions": [], "min_value": 4, "max_value": 10, "step": 1, "sampling": null}}, {"class_name": "Float", "config": {"name": "dropout", "default": 0.005, "conditions": [], "min_value": 0.0, "max_value": 0.1, "step": 0.01, "sampling": null}}], "values": {"units": 4, "dropout": 0.01, "tuner/epochs": 2, "tuner/initial_epoch": 0, "tuner/bracket": 2, "tuner/round": 0}}, "metrics": {"metrics": {"loss": {"direction": "min", "observations": [{"value": [0.2160261943936348], "step": 0}]}, "mse": {"direction": "min", "observations": [{"value": [0.06005144864320755], "step": 0}]}, "accuracy": {"direction": "max", "observations": [{"value": [0.924967348575592], "step": 0}]}, "val_loss": {"direction": "min", "observations": [{"value": [0.20712768286466599], "step": 0}]}, "val_mse": {"direction": "min", "observations": [{"value": [0.05750969424843788], "step": 0}]}, "val_accuracy": {"direction": "max", "observations": [{"value": [0.9267316162586212], "step": 0}]}}}, "score": 0.06005144864320755, "best_step": 0, "status": "COMPLETED"}