{"trial_id": "0006", "hyperparameters": {"space": [{"class_name": "Int", "config": {"name": "units", "default": null, "conditions": [], "min_value": 4, "max_value": 10, "step": 1, "sampling": null}}, {"class_name": "Float", "config": {"name": "dropout", "default": 0.005, "conditions": [], "min_value": 0.0, "max_value": 0.1, "step": 0.01, "sampling": null}}], "values": {"units": 9, "dropout": 0.01, "tuner/epochs": 2, "tuner/initial_epoch": 0, "tuner/bracket": 2, "tuner/round": 0}}, "metrics": {"metrics": {"loss": {"direction": "min", "observations": [{"value": [0.21372417360544205], "step": 0}]}, "mse": {"direction": "min", "observations": [{"value": [0.0593252032995224], "step": 0}]}, "accuracy": {"direction": "max", "observations": [{"value": [0.925445169210434], "step": 0}]}, "val_loss": {"direction": "min", "observations": [{"value": [0.2075861319899559], "step": 0}]}, "val_mse": {"direction": "min", "observations": [{"value": [0.057598523795604706], "step": 0}]}, "val_accuracy": {"direction": "max", "observations": [{"value": [0.9271411597728729], "step": 0}]}}}, "score": 0.0593252032995224, "best_step": 0, "status": "COMPLETED"}