{"trial_id": "0044", "hyperparameters": {"space": [{"class_name": "Choice", "config": {"name": "activation", "default": "softmax", "conditions": [], "values": ["softmax", "softplus", "softsign", "relu", "tanh", "sigmoid", "hard_sigmoid", "linear"], "ordered": false}}, {"class_name": "Choice", "config": {"name": "optimizer", "default": "SGD", "conditions": [], "values": ["SGD", "RMSprop", "Adagrad", "Adadelta", "Adam", "Adamax", "Nadam"], "ordered": false}}], "values": {"activation": "softmax", "optimizer": "Adadelta", "tuner/epochs": 3, "tuner/initial_epoch": 0, "tuner/bracket": 3, "tuner/round": 0}}, "metrics": {"metrics": {"loss": {"direction": "min", "observations": [{"value": [0.6828969717025757], "step": 0}]}, "mse": {"direction": "min", "observations": [{"value": [0.24487483501434326], "step": 0}]}, "accuracy": {"direction": "max", "observations": [{"value": [0.9137676954269409], "step": 0}]}, "val_loss": {"direction": "min", "observations": [{"value": [0.6806662678718567], "step": 0}]}, "val_mse": {"direction": "min", "observations": [{"value": [0.24376028776168823], "step": 0}]}, "val_accuracy": {"direction": "max", "observations": [{"value": [0.9153014421463013], "step": 0}]}}}, "score": 0.9153014421463013, "best_step": 0, "status": "COMPLETED"}