{"trial_id": "0008", "hyperparameters": {"space": [{"class_name": "Int", "config": {"name": "units", "default": null, "conditions": [], "min_value": 4, "max_value": 10, "step": 1, "sampling": null}}, {"class_name": "Float", "config": {"name": "dropout", "default": 0.005, "conditions": [], "min_value": 0.0, "max_value": 0.1, "step": 0.01, "sampling": null}}], "values": {"units": 6, "dropout": 0.05, "tuner/epochs": 2, "tuner/initial_epoch": 0, "tuner/bracket": 2, "tuner/round": 0}}, "metrics": {"metrics": {"loss": {"direction": "min", "observations": [{"value": [0.21539591997861862], "step": 0}]}, "mse": {"direction": "min", "observations": [{"value": [0.05970276892185211], "step": 0}]}, "accuracy": {"direction": "max", "observations": [{"value": [0.9246650040149689], "step": 0}]}, "val_loss": {"direction": "min", "observations": [{"value": [0.2051507905125618], "step": 0}]}, "val_mse": {"direction": "min", "observations": [{"value": [0.0570993609726429], "step": 0}]}, "val_accuracy": {"direction": "max", "observations": [{"value": [0.9273914694786072], "step": 0}]}}}, "score": 0.05970276892185211, "best_step": 0, "status": "COMPLETED"}