{"trial_id": "0080", "hyperparameters": {"space": [{"class_name": "Choice", "config": {"name": "activation", "default": "softmax", "conditions": [], "values": ["softmax", "softplus", "softsign", "relu", "tanh", "sigmoid", "hard_sigmoid", "linear"], "ordered": false}}, {"class_name": "Choice", "config": {"name": "optimizer", "default": "SGD", "conditions": [], "values": ["SGD", "RMSprop", "Adagrad", "Adadelta", "Adam", "Adamax", "Nadam"], "ordered": false}}], "values": {"activation": "softmax", "optimizer": "Adagrad", "tuner/epochs": 10, "tuner/initial_epoch": 0, "tuner/bracket": 1, "tuner/round": 0}}, "metrics": {"metrics": {"loss": {"direction": "min", "observations": [{"value": [0.6547066569328308], "step": 0}]}, "mse": {"direction": "min", "observations": [{"value": [0.23080241680145264], "step": 0}]}, "accuracy": {"direction": "max", "observations": [{"value": [0.9012251496315002], "step": 0}]}, "val_loss": {"direction": "min", "observations": [{"value": [0.6302492618560791], "step": 0}]}, "val_mse": {"direction": "min", "observations": [{"value": [0.21861571073532104], "step": 0}]}, "val_accuracy": {"direction": "max", "observations": [{"value": [0.9153014421463013], "step": 0}]}}}, "score": 0.9153014421463013, "best_step": 0, "status": "COMPLETED"}