{"trial_id": "0028", "hyperparameters": {"space": [{"class_name": "Choice", "config": {"name": "activation", "default": "softmax", "conditions": [], "values": ["softmax", "softplus", "softsign", "relu", "tanh", "sigmoid", "hard_sigmoid", "linear"], "ordered": false}}, {"class_name": "Choice", "config": {"name": "optimizer", "default": "SGD", "conditions": [], "values": ["SGD", "RMSprop", "Adagrad", "Adadelta", "Adam", "Adamax", "Nadam"], "ordered": false}}], "values": {"activation": "sigmoid", "optimizer": "Adam", "tuner/epochs": 3, "tuner/initial_epoch": 2, "tuner/bracket": 4, "tuner/round": 1, "tuner/trial_id": "0009"}}, "metrics": {"metrics": {"loss": {"direction": "min", "observations": [{"value": [0.26011723279953003], "step": 0}]}, "mse": {"direction": "min", "observations": [{"value": [0.07275284081697464], "step": 0}]}, "accuracy": {"direction": "max", "observations": [{"value": [0.9060310125350952], "step": 0}]}, "val_loss": {"direction": "min", "observations": [{"value": [0.2219250202178955], "step": 0}]}, "val_mse": {"direction": "min", "observations": [{"value": [0.06121030077338219], "step": 0}]}, "val_accuracy": {"direction": "max", "observations": [{"value": [0.9153014421463013], "step": 0}]}}}, "score": 0.9153014421463013, "best_step": 0, "status": "COMPLETED"}