{"trial_id": "0009", "hyperparameters": {"space": [{"class_name": "Choice", "config": {"name": "activation", "default": "softmax", "conditions": [], "values": ["softmax", "softplus", "softsign", "relu", "tanh", "sigmoid", "hard_sigmoid", "linear"], "ordered": false}}, {"class_name": "Choice", "config": {"name": "optimizer", "default": "SGD", "conditions": [], "values": ["SGD", "RMSprop", "Adagrad", "Adadelta", "Adam", "Adamax", "Nadam"], "ordered": false}}], "values": {"activation": "sigmoid", "optimizer": "Adam", "tuner/epochs": 2, "tuner/initial_epoch": 0, "tuner/bracket": 4, "tuner/round": 0}}, "metrics": {"metrics": {"loss": {"direction": "min", "observations": [{"value": [0.2222234457731247], "step": 0}]}, "mse": {"direction": "min", "observations": [{"value": [0.06098587438464165], "step": 0}]}, "accuracy": {"direction": "max", "observations": [{"value": [0.9226512312889099], "step": 0}]}, "val_loss": {"direction": "min", "observations": [{"value": [0.2143830507993698], "step": 0}]}, "val_mse": {"direction": "min", "observations": [{"value": [0.058772169053554535], "step": 0}]}, "val_accuracy": {"direction": "max", "observations": [{"value": [0.927151620388031], "step": 0}]}}}, "score": 0.927151620388031, "best_step": 0, "status": "COMPLETED"}