{"trial_id": "0057", "hyperparameters": {"space": [{"class_name": "Choice", "config": {"name": "activation", "default": "softmax", "conditions": [], "values": ["softmax", "softplus", "softsign", "relu", "tanh", "sigmoid", "hard_sigmoid", "linear"], "ordered": false}}, {"class_name": "Choice", "config": {"name": "optimizer", "default": "SGD", "conditions": [], "values": ["SGD", "RMSprop", "Adagrad", "Adadelta", "Adam", "Adamax", "Nadam"], "ordered": false}}], "values": {"activation": "softmax", "optimizer": "RMSprop", "tuner/epochs": 5, "tuner/initial_epoch": 3, "tuner/bracket": 3, "tuner/round": 1, "tuner/trial_id": "0041"}}, "metrics": {"metrics": {"loss": {"direction": "min", "observations": [{"value": [0.39276957511901855], "step": 0}]}, "mse": {"direction": "min", "observations": [{"value": [0.11930704861879349], "step": 0}]}, "accuracy": {"direction": "max", "observations": [{"value": [0.8438825607299805], "step": 0}]}, "val_loss": {"direction": "min", "observations": [{"value": [0.2603225111961365], "step": 0}]}, "val_mse": {"direction": "min", "observations": [{"value": [0.07172758877277374], "step": 0}]}, "val_accuracy": {"direction": "max", "observations": [{"value": [0.9153014421463013], "step": 0}]}}}, "score": 0.9153014421463013, "best_step": 0, "status": "COMPLETED"}