{"trial_id": "0061", "hyperparameters": {"space": [{"class_name": "Choice", "config": {"name": "activation", "default": "softmax", "conditions": [], "values": ["softmax", "softplus", "softsign", "relu", "tanh", "sigmoid", "hard_sigmoid", "linear"], "ordered": false}}, {"class_name": "Choice", "config": {"name": "optimizer", "default": "SGD", "conditions": [], "values": ["SGD", "RMSprop", "Adagrad", "Adadelta", "Adam", "Adamax", "Nadam"], "ordered": false}}], "values": {"activation": "relu", "optimizer": "RMSprop", "tuner/epochs": 20, "tuner/initial_epoch": 10, "tuner/bracket": 3, "tuner/round": 3, "tuner/trial_id": "0058"}}, "metrics": {"metrics": {"loss": {"direction": "min", "observations": [{"value": [0.20621956884860992], "step": 0}]}, "mse": {"direction": "min", "observations": [{"value": [0.05774126946926117], "step": 0}]}, "accuracy": {"direction": "max", "observations": [{"value": [0.9265468716621399], "step": 0}]}, "val_loss": {"direction": "min", "observations": [{"value": [0.202107772231102], "step": 0}]}, "val_mse": {"direction": "min", "observations": [{"value": [0.056705720722675323], "step": 0}]}, "val_accuracy": {"direction": "max", "observations": [{"value": [0.9285168051719666], "step": 0}]}}}, "score": 0.9285168051719666, "best_step": 0, "status": "COMPLETED"}