{"trial_id": "0041", "hyperparameters": {"space": [{"class_name": "Choice", "config": {"name": "activation", "default": "softmax", "conditions": [], "values": ["softmax", "softplus", "softsign", "relu", "tanh", "sigmoid", "hard_sigmoid", "linear"], "ordered": false}}, {"class_name": "Choice", "config": {"name": "optimizer", "default": "SGD", "conditions": [], "values": ["SGD", "RMSprop", "Adagrad", "Adadelta", "Adam", "Adamax", "Nadam"], "ordered": false}}], "values": {"activation": "softmax", "optimizer": "RMSprop", "tuner/epochs": 3, "tuner/initial_epoch": 0, "tuner/bracket": 3, "tuner/round": 0}}, "metrics": {"metrics": {"loss": {"direction": "min", "observations": [{"value": [0.22085703909397125], "step": 0}]}, "mse": {"direction": "min", "observations": [{"value": [0.06124669313430786], "step": 0}]}, "accuracy": {"direction": "max", "observations": [{"value": [0.9194655418395996], "step": 0}]}, "val_loss": {"direction": "min", "observations": [{"value": [0.21402810513973236], "step": 0}]}, "val_mse": {"direction": "min", "observations": [{"value": [0.05923346430063248], "step": 0}]}, "val_accuracy": {"direction": "max", "observations": [{"value": [0.9264416694641113], "step": 0}]}}}, "score": 0.9264416694641113, "best_step": 0, "status": "COMPLETED"}