{"trial_id": "0033", "hyperparameters": {"space": [{"class_name": "Choice", "config": {"name": "activation", "default": "softmax", "conditions": [], "values": ["softmax", "softplus", "softsign", "relu", "tanh", "sigmoid", "hard_sigmoid", "linear"], "ordered": false}}, {"class_name": "Choice", "config": {"name": "optimizer", "default": "SGD", "conditions": [], "values": ["SGD", "RMSprop", "Adagrad", "Adadelta", "Adam", "Adamax", "Nadam"], "ordered": false}}], "values": {"activation": "sigmoid", "optimizer": "RMSprop", "tuner/epochs": 5, "tuner/initial_epoch": 3, "tuner/bracket": 4, "tuner/round": 2, "tuner/trial_id": "0029"}}, "metrics": {"metrics": {"loss": {"direction": "min", "observations": [{"value": [0.2684834599494934], "step": 0}]}, "mse": {"direction": "min", "observations": [{"value": [0.07582712918519974], "step": 0}]}, "accuracy": {"direction": "max", "observations": [{"value": [0.9019351005554199], "step": 0}]}, "val_loss": {"direction": "min", "observations": [{"value": [0.21811722218990326], "step": 0}]}, "val_mse": {"direction": "min", "observations": [{"value": [0.05947916582226753], "step": 0}]}, "val_accuracy": {"direction": "max", "observations": [{"value": [0.9277523159980774], "step": 0}]}}}, "score": 0.9277523159980774, "best_step": 0, "status": "COMPLETED"}