{"trial_id": "0001", "hyperparameters": {"space": [{"class_name": "Int", "config": {"name": "units", "default": null, "conditions": [], "min_value": 4, "max_value": 10, "step": 1, "sampling": null}}, {"class_name": "Float", "config": {"name": "dropout", "default": 0.005, "conditions": [], "min_value": 0.0, "max_value": 0.1, "step": 0.01, "sampling": null}}], "values": {"units": 6, "dropout": 0.03, "tuner/epochs": 2, "tuner/initial_epoch": 0, "tuner/bracket": 2, "tuner/round": 0}}, "metrics": {"metrics": {"loss": {"direction": "min", "observations": [{"value": [0.21546073257923126], "step": 0}]}, "mse": {"direction": "min", "observations": [{"value": [0.059622038155794144], "step": 0}]}, "accuracy": {"direction": "max", "observations": [{"value": [0.9252501428127289], "step": 0}]}, "val_loss": {"direction": "min", "observations": [{"value": [0.20666033774614334], "step": 0}]}, "val_mse": {"direction": "min", "observations": [{"value": [0.05734824761748314], "step": 0}]}, "val_accuracy": {"direction": "max", "observations": [{"value": [0.9273004531860352], "step": 0}]}}}, "score": 0.059622038155794144, "best_step": 0, "status": "COMPLETED"}