{"trial_id": "0025", "hyperparameters": {"space": [{"class_name": "Choice", "config": {"name": "activation", "default": "softmax", "conditions": [], "values": ["softmax", "softplus", "softsign", "relu", "tanh", "sigmoid", "hard_sigmoid", "linear"], "ordered": false}}, {"class_name": "Choice", "config": {"name": "optimizer", "default": "SGD", "conditions": [], "values": ["SGD", "RMSprop", "Adagrad", "Adadelta", "Adam", "Adamax", "Nadam"], "ordered": false}}], "values": {"activation": "linear", "optimizer": "Adam", "tuner/epochs": 3, "tuner/initial_epoch": 2, "tuner/bracket": 4, "tuner/round": 1, "tuner/trial_id": "0011"}}, "metrics": {"metrics": {"loss": {"direction": "min", "observations": [{"value": [0.24018494784832], "step": 0}]}, "mse": {"direction": "min", "observations": [{"value": [0.06687188893556595], "step": 0}]}, "accuracy": {"direction": "max", "observations": [{"value": [0.9198296070098877], "step": 0}]}, "val_loss": {"direction": "min", "observations": [{"value": [0.2187090367078781], "step": 0}]}, "val_mse": {"direction": "min", "observations": [{"value": [0.059456273913383484], "step": 0}]}, "val_accuracy": {"direction": "max", "observations": [{"value": [0.9260048270225525], "step": 0}]}}}, "score": 0.9260048270225525, "best_step": 0, "status": "COMPLETED"}