{"trial_id": "0007", "hyperparameters": {"space": [{"class_name": "Int", "config": {"name": "units", "default": null, "conditions": [], "min_value": 4, "max_value": 10, "step": 1, "sampling": null}}, {"class_name": "Float", "config": {"name": "dropout", "default": 0.005, "conditions": [], "min_value": 0.0, "max_value": 0.1, "step": 0.01, "sampling": null}}], "values": {"units": 10, "dropout": 0.0, "tuner/epochs": 2, "tuner/initial_epoch": 0, "tuner/bracket": 2, "tuner/round": 0}}, "metrics": {"metrics": {"loss": {"direction": "min", "observations": [{"value": [0.21352379024028778], "step": 0}]}, "mse": {"direction": "min", "observations": [{"value": [0.0591787975281477], "step": 0}]}, "accuracy": {"direction": "max", "observations": [{"value": [0.9255037009716034], "step": 0}]}, "val_loss": {"direction": "min", "observations": [{"value": [0.20655507594347], "step": 0}]}, "val_mse": {"direction": "min", "observations": [{"value": [0.057204343378543854], "step": 0}]}, "val_accuracy": {"direction": "max", "observations": [{"value": [0.9282788932323456], "step": 0}]}}}, "score": 0.0591787975281477, "best_step": 0, "status": "COMPLETED"}