{"trial_id": "0025", "hyperparameters": {"space": [{"class_name": "Int", "config": {"name": "units", "default": null, "conditions": [], "min_value": 4, "max_value": 10, "step": 1, "sampling": null}}, {"class_name": "Float", "config": {"name": "dropout", "default": 0.005, "conditions": [], "min_value": 0.0, "max_value": 0.1, "step": 0.01, "sampling": null}}], "values": {"units": 9, "dropout": 0.03, "tuner/epochs": 10, "tuner/initial_epoch": 4, "tuner/bracket": 1, "tuner/round": 1, "tuner/trial_id": "0019"}}, "metrics": {"metrics": {"loss": {"direction": "min", "observations": [{"value": [0.20811670273542404], "step": 0}]}, "mse": {"direction": "min", "observations": [{"value": [0.05816877447068691], "step": 0}]}, "accuracy": {"direction": "max", "observations": [{"value": [0.9259718060493469], "step": 0}]}, "val_loss": {"direction": "min", "observations": [{"value": [0.2036907747387886], "step": 0}]}, "val_mse": {"direction": "min", "observations": [{"value": [0.05688518472015858], "step": 0}]}, "val_accuracy": {"direction": "max", "observations": [{"value": [0.9280058443546295], "step": 0}]}}}, "score": 0.05816877447068691, "best_step": 0, "status": "COMPLETED"}