{"trial_id": "0078", "hyperparameters": {"space": [{"class_name": "Choice", "config": {"name": "activation", "default": "softmax", "conditions": [], "values": ["softmax", "softplus", "softsign", "relu", "tanh", "sigmoid", "hard_sigmoid", "linear"], "ordered": false}}, {"class_name": "Choice", "config": {"name": "optimizer", "default": "SGD", "conditions": [], "values": ["SGD", "RMSprop", "Adagrad", "Adadelta", "Adam", "Adamax", "Nadam"], "ordered": false}}], "values": {"activation": "softmax", "optimizer": "Nadam", "tuner/epochs": 10, "tuner/initial_epoch": 0, "tuner/bracket": 1, "tuner/round": 0}}, "metrics": {"metrics": {"loss": {"direction": "min", "observations": [{"value": [0.20980481803417206], "step": 0}]}, "mse": {"direction": "min", "observations": [{"value": [0.058643341064453125], "step": 0}]}, "accuracy": {"direction": "max", "observations": [{"value": [0.9256002902984619], "step": 0}]}, "val_loss": {"direction": "min", "observations": [{"value": [0.20510224997997284], "step": 0}]}, "val_mse": {"direction": "min", "observations": [{"value": [0.057294439524412155], "step": 0}]}, "val_accuracy": {"direction": "max", "observations": [{"value": [0.9272062182426453], "step": 0}]}}}, "score": 0.9272062182426453, "best_step": 0, "status": "COMPLETED"}