{"trial_id": "0083", "hyperparameters": {"space": [{"class_name": "Choice", "config": {"name": "activation", "default": "softmax", "conditions": [], "values": ["softmax", "softplus", "softsign", "relu", "tanh", "sigmoid", "hard_sigmoid", "linear"], "ordered": false}}, {"class_name": "Choice", "config": {"name": "optimizer", "default": "SGD", "conditions": [], "values": ["SGD", "RMSprop", "Adagrad", "Adadelta", "Adam", "Adamax", "Nadam"], "ordered": false}}], "values": {"activation": "softsign", "optimizer": "Nadam", "tuner/epochs": 20, "tuner/initial_epoch": 10, "tuner/bracket": 1, "tuner/round": 1, "tuner/trial_id": "0077"}}, "metrics": {"metrics": {"loss": {"direction": "min", "observations": [{"value": [0.20644384622573853], "step": 0}]}, "mse": {"direction": "min", "observations": [{"value": [0.057841114699840546], "step": 0}]}, "accuracy": {"direction": "max", "observations": [{"value": [0.9262192249298096], "step": 0}]}, "val_loss": {"direction": "min", "observations": [{"value": [0.2013227343559265], "step": 0}]}, "val_mse": {"direction": "min", "observations": [{"value": [0.05640643835067749], "step": 0}]}, "val_accuracy": {"direction": "max", "observations": [{"value": [0.9287352561950684], "step": 0}]}}}, "score": 0.9287352561950684, "best_step": 0, "status": "COMPLETED"}