{"trial_id": "0021", "hyperparameters": {"space": [{"class_name": "Choice", "config": {"name": "activation", "default": "softmax", "conditions": [], "values": ["softmax", "softplus", "softsign", "relu", "tanh", "sigmoid", "hard_sigmoid", "linear"], "ordered": false}}, {"class_name": "Choice", "config": {"name": "optimizer", "default": "SGD", "conditions": [], "values": ["SGD", "RMSprop", "Adagrad", "Adadelta", "Adam", "Adamax", "Nadam"], "ordered": false}}], "values": {"activation": "softsign", "optimizer": "SGD", "tuner/epochs": 3, "tuner/initial_epoch": 2, "tuner/bracket": 4, "tuner/round": 1, "tuner/trial_id": "0007"}}, "metrics": {"metrics": {"loss": {"direction": "min", "observations": [{"value": [0.28334203362464905], "step": 0}]}, "mse": {"direction": "min", "observations": [{"value": [0.0781431794166565], "step": 0}]}, "accuracy": {"direction": "max", "observations": [{"value": [0.9174813032150269], "step": 0}]}, "val_loss": {"direction": "min", "observations": [{"value": [0.2231096476316452], "step": 0}]}, "val_mse": {"direction": "min", "observations": [{"value": [0.06070848926901817], "step": 0}]}, "val_accuracy": {"direction": "max", "observations": [{"value": [0.9258409738540649], "step": 0}]}}}, "score": 0.9258409738540649, "best_step": 0, "status": "COMPLETED"}