{"trial_id": "0065", "hyperparameters": {"space": [{"class_name": "Choice", "config": {"name": "activation", "default": "softmax", "conditions": [], "values": ["softmax", "softplus", "softsign", "relu", "tanh", "sigmoid", "hard_sigmoid", "linear"], "ordered": false}}, {"class_name": "Choice", "config": {"name": "optimizer", "default": "SGD", "conditions": [], "values": ["SGD", "RMSprop", "Adagrad", "Adadelta", "Adam", "Adamax", "Nadam"], "ordered": false}}], "values": {"activation": "relu", "optimizer": "Adamax", "tuner/epochs": 5, "tuner/initial_epoch": 0, "tuner/bracket": 2, "tuner/round": 0}}, "metrics": {"metrics": {"loss": {"direction": "min", "observations": [{"value": [0.21175026893615723], "step": 0}]}, "mse": {"direction": "min", "observations": [{"value": [0.058733440935611725], "step": 0}]}, "accuracy": {"direction": "max", "observations": [{"value": [0.9260917901992798], "step": 0}]}, "val_loss": {"direction": "min", "observations": [{"value": [0.20722037553787231], "step": 0}]}, "val_mse": {"direction": "min", "observations": [{"value": [0.057375334203243256], "step": 0}]}, "val_accuracy": {"direction": "max", "observations": [{"value": [0.9280253648757935], "step": 0}]}}}, "score": 0.9280253648757935, "best_step": 0, "status": "COMPLETED"}