{"trial_id": "0013", "hyperparameters": {"space": [{"class_name": "Int", "config": {"name": "units", "default": null, "conditions": [], "min_value": 4, "max_value": 10, "step": 1, "sampling": null}}, {"class_name": "Float", "config": {"name": "dropout", "default": 0.005, "conditions": [], "min_value": 0.0, "max_value": 0.1, "step": 0.01, "sampling": null}}], "values": {"units": 10, "dropout": 0.0, "tuner/epochs": 4, "tuner/initial_epoch": 2, "tuner/bracket": 2, "tuner/round": 1, "tuner/trial_id": "0007"}}, "metrics": {"metrics": {"loss": {"direction": "min", "observations": [{"value": [0.21241938322782516], "step": 0}]}, "mse": {"direction": "min", "observations": [{"value": [0.05899696610867977], "step": 0}]}, "accuracy": {"direction": "max", "observations": [{"value": [0.9256987273693085], "step": 0}]}, "val_loss": {"direction": "min", "observations": [{"value": [0.206455260515213], "step": 0}]}, "val_mse": {"direction": "min", "observations": [{"value": [0.05738030932843685], "step": 0}]}, "val_accuracy": {"direction": "max", "observations": [{"value": [0.9270501434803009], "step": 0}]}}}, "score": 0.05899696610867977, "best_step": 0, "status": "COMPLETED"}