{"trial_id": "0048", "hyperparameters": {"space": [{"class_name": "Choice", "config": {"name": "activation", "default": "softmax", "conditions": [], "values": ["softmax", "softplus", "softsign", "relu", "tanh", "sigmoid", "hard_sigmoid", "linear"], "ordered": false}}, {"class_name": "Choice", "config": {"name": "optimizer", "default": "SGD", "conditions": [], "values": ["SGD", "RMSprop", "Adagrad", "Adadelta", "Adam", "Adamax", "Nadam"], "ordered": false}}], "values": {"activation": "softplus", "optimizer": "Adam", "tuner/epochs": 3, "tuner/initial_epoch": 0, "tuner/bracket": 3, "tuner/round": 0}}, "metrics": {"metrics": {"loss": {"direction": "min", "observations": [{"value": [0.22169068455696106], "step": 0}]}, "mse": {"direction": "min", "observations": [{"value": [0.06064186990261078], "step": 0}]}, "accuracy": {"direction": "max", "observations": [{"value": [0.9252179861068726], "step": 0}]}, "val_loss": {"direction": "min", "observations": [{"value": [0.215242400765419], "step": 0}]}, "val_mse": {"direction": "min", "observations": [{"value": [0.05883586406707764], "step": 0}]}, "val_accuracy": {"direction": "max", "observations": [{"value": [0.9278069138526917], "step": 0}]}}}, "score": 0.9278069138526917, "best_step": 0, "status": "COMPLETED"}