{"ongoing_trials": {}, "hyperparameters": {"space": [{"class_name": "Int", "config": {"name": "units", "default": null, "conditions": [], "min_value": 4, "max_value": 10, "step": 1, "sampling": null}}, {"class_name": "Float", "config": {"name": "dropout", "default": 0.005, "conditions": [], "min_value": 0.0, "max_value": 0.1, "step": 0.01, "sampling": null}}], "values": {"units": 4, "dropout": 0.005}}, "seed": 42, "seed_state": 94, "tried_so_far": ["ad6c416e1f12ca88cd6eb5e7b1619a48", "68924a06dc691ab6f290985002a02a3d", "a7a8410cbeca321daa2353e7a3c12393", "58b7eb9fee9b91739ff75fd34689ef73", "08c9f04806c6d75a5e15d075b6346dbb", "5cd8994431bcd77c3737fe7ffed45ad3", "ab9b107694651febcd863d94ecf3a5c7", "87c06da1beb44881cebe7f007439e74d", "318a506b61752cabbfac75f8c3ee3ef2", "dc3e21eb010ebb23395879a9c5b61ab2", "84914ddab7ae7ee29f468e8ce5d2ebbc", "492f07bac044c86dc2b2afa902faee5c", "2bb5b295aa13e0dc6aafa8997a8ecfbc", "7206cbf2bb076724ecbc2177d3d44d70", "f4dc8c2a003049c788b7f1f9165da32c", "8759693eaab9a6782f10a075afbf3b97", "2cfa511e84d21e37b75cae7f0755a627", "6c4b431c6c42c8e2a6b78e4c1734b9b3", "1d23145d005deeefb9fbd7dbc55a6448", "82ddfc528dbede7233c7f5f46f889bab", "a5167aa10495c2136670ffe1ef3d7786", "9df4c67f8fd0b521444beb5b1ec53e58"], "hyperband_iterations": 1, "max_epochs": 10, "min_epochs": 1, "factor": 3, "brackets": [{"bracket_num": 0, "rounds": [[{"past_id": null, "id": "0026"}, {"past_id": null, "id": "0027"}, {"past_id": null, "id": "0028"}, {"past_id": null, "id": "0029"}]]}], "current_bracket": 0, "current_iteration": 0}