{"trial_id": "0004", "hyperparameters": {"space": [{"class_name": "Int", "config": {"name": "units", "default": null, "conditions": [], "min_value": 4, "max_value": 10, "step": 1, "sampling": null}}, {"class_name": "Float", "config": {"name": "dropout", "default": 0.005, "conditions": [], "min_value": 0.0, "max_value": 0.1, "step": 0.01, "sampling": null}}], "values": {"units": 7, "dropout": 0.02, "tuner/epochs": 2, "tuner/initial_epoch": 0, "tuner/bracket": 2, "tuner/round": 0}}, "metrics": {"metrics": {"loss": {"direction": "min", "observations": [{"value": [0.21934141218662262], "step": 0}]}, "mse": {"direction": "min", "observations": [{"value": [0.0605489294975996], "step": 0}]}, "accuracy": {"direction": "max", "observations": [{"value": [0.9252306520938873], "step": 0}]}, "val_loss": {"direction": "min", "observations": [{"value": [0.21036168187856674], "step": 0}]}, "val_mse": {"direction": "min", "observations": [{"value": [0.05813867785036564], "step": 0}]}, "val_accuracy": {"direction": "max", "observations": [{"value": [0.9267316162586212], "step": 0}]}}}, "score": 0.0605489294975996, "best_step": 0, "status": "COMPLETED"}