{"trial_id": "0012", "hyperparameters": {"space": [{"class_name": "Int", "config": {"name": "units", "default": null, "conditions": [], "min_value": 4, "max_value": 10, "step": 1, "sampling": null}}, {"class_name": "Float", "config": {"name": "dropout", "default": 0.005, "conditions": [], "min_value": 0.0, "max_value": 0.1, "step": 0.01, "sampling": null}}], "values": {"units": 8, "dropout": 0.0, "tuner/epochs": 4, "tuner/initial_epoch": 2, "tuner/bracket": 2, "tuner/round": 1, "tuner/trial_id": "0000"}}, "metrics": {"metrics": {"loss": {"direction": "min", "observations": [{"value": [0.21344755589962006], "step": 0}]}, "mse": {"direction": "min", "observations": [{"value": [0.059246812015771866], "step": 0}]}, "accuracy": {"direction": "max", "observations": [{"value": [0.9252403974533081], "step": 0}]}, "val_loss": {"direction": "min", "observations": [{"value": [0.20795421302318573], "step": 0}]}, "val_mse": {"direction": "min", "observations": [{"value": [0.05780361779034138], "step": 0}]}, "val_accuracy": {"direction": "max", "observations": [{"value": [0.9268681108951569], "step": 0}]}}}, "score": 0.059246812015771866, "best_step": 0, "status": "COMPLETED"}