{"trial_id": "0026", "hyperparameters": {"space": [{"class_name": "Int", "config": {"name": "units", "default": null, "conditions": [], "min_value": 4, "max_value": 10, "step": 1, "sampling": null}}, {"class_name": "Float", "config": {"name": "dropout", "default": 0.005, "conditions": [], "min_value": 0.0, "max_value": 0.1, "step": 0.01, "sampling": null}}], "values": {"units": 8, "dropout": 0.02, "tuner/epochs": 10, "tuner/initial_epoch": 0, "tuner/bracket": 0, "tuner/round": 0}}, "metrics": {"metrics": {"loss": {"direction": "min", "observations": [{"value": [0.20665311813354492], "step": 0}]}, "mse": {"direction": "min", "observations": [{"value": [0.05791180953383446], "step": 0}]}, "accuracy": {"direction": "max", "observations": [{"value": [0.9261180758476257], "step": 0}]}, "val_loss": {"direction": "min", "observations": [{"value": [0.20529530197381973], "step": 0}]}, "val_mse": {"direction": "min", "observations": [{"value": [0.05715974234044552], "step": 0}]}, "val_accuracy": {"direction": "max", "observations": [{"value": [0.9277100265026093], "step": 0}]}}}, "score": 0.05791180953383446, "best_step": 0, "status": "COMPLETED"}