{"trial_id": "0077", "hyperparameters": {"space": [{"class_name": "Choice", "config": {"name": "activation", "default": "softmax", "conditions": [], "values": ["softmax", "softplus", "softsign", "relu", "tanh", "sigmoid", "hard_sigmoid", "linear"], "ordered": false}}, {"class_name": "Choice", "config": {"name": "optimizer", "default": "SGD", "conditions": [], "values": ["SGD", "RMSprop", "Adagrad", "Adadelta", "Adam", "Adamax", "Nadam"], "ordered": false}}], "values": {"activation": "softsign", "optimizer": "Nadam", "tuner/epochs": 10, "tuner/initial_epoch": 0, "tuner/bracket": 1, "tuner/round": 0}}, "metrics": {"metrics": {"loss": {"direction": "min", "observations": [{"value": [0.20433853566646576], "step": 0}]}, "mse": {"direction": "min", "observations": [{"value": [0.057450029999017715], "step": 0}]}, "accuracy": {"direction": "max", "observations": [{"value": [0.926783561706543], "step": 0}]}, "val_loss": {"direction": "min", "observations": [{"value": [0.19945423305034637], "step": 0}]}, "val_mse": {"direction": "min", "observations": [{"value": [0.05604949966073036], "step": 0}]}, "val_accuracy": {"direction": "max", "observations": [{"value": [0.9287352561950684], "step": 0}]}}}, "score": 0.9287352561950684, "best_step": 0, "status": "COMPLETED"}