{"trial_id": "0064", "hyperparameters": {"space": [{"class_name": "Choice", "config": {"name": "activation", "default": "softmax", "conditions": [], "values": ["softmax", "softplus", "softsign", "relu", "tanh", "sigmoid", "hard_sigmoid", "linear"], "ordered": false}}, {"class_name": "Choice", "config": {"name": "optimizer", "default": "SGD", "conditions": [], "values": ["SGD", "RMSprop", "Adagrad", "Adadelta", "Adam", "Adamax", "Nadam"], "ordered": false}}], "values": {"activation": "softplus", "optimizer": "Adagrad", "tuner/epochs": 5, "tuner/initial_epoch": 0, "tuner/bracket": 2, "tuner/round": 0}}, "metrics": {"metrics": {"loss": {"direction": "min", "observations": [{"value": [0.4259617328643799], "step": 0}]}, "mse": {"direction": "min", "observations": [{"value": [0.1283097267150879], "step": 0}]}, "accuracy": {"direction": "max", "observations": [{"value": [0.8565343022346497], "step": 0}]}, "val_loss": {"direction": "min", "observations": [{"value": [0.3017018735408783], "step": 0}]}, "val_mse": {"direction": "min", "observations": [{"value": [0.07959672808647156], "step": 0}]}, "val_accuracy": {"direction": "max", "observations": [{"value": [0.9153014421463013], "step": 0}]}}}, "score": 0.9153014421463013, "best_step": 0, "status": "COMPLETED"}