{"trial_id": "0034", "hyperparameters": {"space": [{"class_name": "Choice", "config": {"name": "activation", "default": "softmax", "conditions": [], "values": ["softmax", "softplus", "softsign", "relu", "tanh", "sigmoid", "hard_sigmoid", "linear"], "ordered": false}}, {"class_name": "Choice", "config": {"name": "optimizer", "default": "SGD", "conditions": [], "values": ["SGD", "RMSprop", "Adagrad", "Adadelta", "Adam", "Adamax", "Nadam"], "ordered": false}}], "values": {"activation": "tanh", "optimizer": "Adam", "tuner/epochs": 5, "tuner/initial_epoch": 3, "tuner/bracket": 4, "tuner/round": 2, "tuner/trial_id": "0023"}}, "metrics": {"metrics": {"loss": {"direction": "min", "observations": [{"value": [0.21941980719566345], "step": 0}]}, "mse": {"direction": "min", "observations": [{"value": [0.05995350331068039], "step": 0}]}, "accuracy": {"direction": "max", "observations": [{"value": [0.9248175024986267], "step": 0}]}, "val_loss": {"direction": "min", "observations": [{"value": [0.2126583755016327], "step": 0}]}, "val_mse": {"direction": "min", "observations": [{"value": [0.058211907744407654], "step": 0}]}, "val_accuracy": {"direction": "max", "observations": [{"value": [0.9270423650741577], "step": 0}]}}}, "score": 0.9270423650741577, "best_step": 0, "status": "COMPLETED"}