{"trial_id": "0046", "hyperparameters": {"space": [{"class_name": "Choice", "config": {"name": "activation", "default": "softmax", "conditions": [], "values": ["softmax", "softplus", "softsign", "relu", "tanh", "sigmoid", "hard_sigmoid", "linear"], "ordered": false}}, {"class_name": "Choice", "config": {"name": "optimizer", "default": "SGD", "conditions": [], "values": ["SGD", "RMSprop", "Adagrad", "Adadelta", "Adam", "Adamax", "Nadam"], "ordered": false}}], "values": {"activation": "linear", "optimizer": "SGD", "tuner/epochs": 3, "tuner/initial_epoch": 0, "tuner/bracket": 3, "tuner/round": 0}}, "metrics": {"metrics": {"loss": {"direction": "min", "observations": [{"value": [0.22264151275157928], "step": 0}]}, "mse": {"direction": "min", "observations": [{"value": [0.06073750928044319], "step": 0}]}, "accuracy": {"direction": "max", "observations": [{"value": [0.9250905513763428], "step": 0}]}, "val_loss": {"direction": "min", "observations": [{"value": [0.21698501706123352], "step": 0}]}, "val_mse": {"direction": "min", "observations": [{"value": [0.059298381209373474], "step": 0}]}, "val_accuracy": {"direction": "max", "observations": [{"value": [0.9269877672195435], "step": 0}]}}}, "score": 0.9269877672195435, "best_step": 0, "status": "COMPLETED"}