{"trial_id": "0014", "hyperparameters": {"space": [{"class_name": "Int", "config": {"name": "units", "default": null, "conditions": [], "min_value": 4, "max_value": 10, "step": 1, "sampling": null}}, {"class_name": "Float", "config": {"name": "dropout", "default": 0.005, "conditions": [], "min_value": 0.0, "max_value": 0.1, "step": 0.01, "sampling": null}}], "values": {"units": 9, "dropout": 0.01, "tuner/epochs": 4, "tuner/initial_epoch": 2, "tuner/bracket": 2, "tuner/round": 1, "tuner/trial_id": "0006"}}, "metrics": {"metrics": {"loss": {"direction": "min", "observations": [{"value": [0.21561788767576218], "step": 0}]}, "mse": {"direction": "min", "observations": [{"value": [0.05977044813334942], "step": 0}]}, "accuracy": {"direction": "max", "observations": [{"value": [0.9253671765327454], "step": 0}]}, "val_loss": {"direction": "min", "observations": [{"value": [0.2068723663687706], "step": 0}]}, "val_mse": {"direction": "min", "observations": [{"value": [0.057327013462781906], "step": 0}]}, "val_accuracy": {"direction": "max", "observations": [{"value": [0.9272777140140533], "step": 0}]}}}, "score": 0.05977044813334942, "best_step": 0, "status": "COMPLETED"}