{"trial_id": "0085", "hyperparameters": {"space": [{"class_name": "Choice", "config": {"name": "activation", "default": "softmax", "conditions": [], "values": ["softmax", "softplus", "softsign", "relu", "tanh", "sigmoid", "hard_sigmoid", "linear"], "ordered": false}}, {"class_name": "Choice", "config": {"name": "optimizer", "default": "SGD", "conditions": [], "values": ["SGD", "RMSprop", "Adagrad", "Adadelta", "Adam", "Adamax", "Nadam"], "ordered": false}}], "values": {"activation": "softsign", "optimizer": "Adamax", "tuner/epochs": 20, "tuner/initial_epoch": 10, "tuner/bracket": 1, "tuner/round": 1, "tuner/trial_id": "0081"}}, "metrics": {"metrics": {"loss": {"direction": "min", "observations": [{"value": [0.20893581211566925], "step": 0}]}, "mse": {"direction": "min", "observations": [{"value": [0.057896558195352554], "step": 0}]}, "accuracy": {"direction": "max", "observations": [{"value": [0.9264376759529114], "step": 0}]}, "val_loss": {"direction": "min", "observations": [{"value": [0.20439139008522034], "step": 0}]}, "val_mse": {"direction": "min", "observations": [{"value": [0.05668109655380249], "step": 0}]}, "val_accuracy": {"direction": "max", "observations": [{"value": [0.9286260604858398], "step": 0}]}}}, "score": 0.9286260604858398, "best_step": 0, "status": "COMPLETED"}