{"trial_id": "0055", "hyperparameters": {"space": [{"class_name": "Choice", "config": {"name": "activation", "default": "softmax", "conditions": [], "values": ["softmax", "softplus", "softsign", "relu", "tanh", "sigmoid", "hard_sigmoid", "linear"], "ordered": false}}, {"class_name": "Choice", "config": {"name": "optimizer", "default": "SGD", "conditions": [], "values": ["SGD", "RMSprop", "Adagrad", "Adadelta", "Adam", "Adamax", "Nadam"], "ordered": false}}], "values": {"activation": "linear", "optimizer": "Nadam", "tuner/epochs": 5, "tuner/initial_epoch": 3, "tuner/bracket": 3, "tuner/round": 1, "tuner/trial_id": "0049"}}, "metrics": {"metrics": {"loss": {"direction": "min", "observations": [{"value": [0.22334574162960052], "step": 0}]}, "mse": {"direction": "min", "observations": [{"value": [0.06075245141983032], "step": 0}]}, "accuracy": {"direction": "max", "observations": [{"value": [0.9248175024986267], "step": 0}]}, "val_loss": {"direction": "min", "observations": [{"value": [0.21700519323349], "step": 0}]}, "val_mse": {"direction": "min", "observations": [{"value": [0.05939510092139244], "step": 0}]}, "val_accuracy": {"direction": "max", "observations": [{"value": [0.9269877672195435], "step": 0}]}}}, "score": 0.9269877672195435, "best_step": 0, "status": "COMPLETED"}