{"trial_id": "0029", "hyperparameters": {"space": [{"class_name": "Choice", "config": {"name": "activation", "default": "softmax", "conditions": [], "values": ["softmax", "softplus", "softsign", "relu", "tanh", "sigmoid", "hard_sigmoid", "linear"], "ordered": false}}, {"class_name": "Choice", "config": {"name": "optimizer", "default": "SGD", "conditions": [], "values": ["SGD", "RMSprop", "Adagrad", "Adadelta", "Adam", "Adamax", "Nadam"], "ordered": false}}], "values": {"activation": "sigmoid", "optimizer": "RMSprop", "tuner/epochs": 3, "tuner/initial_epoch": 2, "tuner/bracket": 4, "tuner/round": 1, "tuner/trial_id": "0012"}}, "metrics": {"metrics": {"loss": {"direction": "min", "observations": [{"value": [0.24084998667240143], "step": 0}]}, "mse": {"direction": "min", "observations": [{"value": [0.0666077584028244], "step": 0}]}, "accuracy": {"direction": "max", "observations": [{"value": [0.916261613368988], "step": 0}]}, "val_loss": {"direction": "min", "observations": [{"value": [0.2177601158618927], "step": 0}]}, "val_mse": {"direction": "min", "observations": [{"value": [0.05980043485760689], "step": 0}]}, "val_accuracy": {"direction": "max", "observations": [{"value": [0.9267147183418274], "step": 0}]}}}, "score": 0.9267147183418274, "best_step": 0, "status": "COMPLETED"}