{"trial_id": "0016", "hyperparameters": {"space": [{"class_name": "Choice", "config": {"name": "activation", "default": "softmax", "conditions": [], "values": ["softmax", "softplus", "softsign", "relu", "tanh", "sigmoid", "hard_sigmoid", "linear"], "ordered": false}}, {"class_name": "Choice", "config": {"name": "optimizer", "default": "SGD", "conditions": [], "values": ["SGD", "RMSprop", "Adagrad", "Adadelta", "Adam", "Adamax", "Nadam"], "ordered": false}}], "values": {"activation": "softplus", "optimizer": "RMSprop", "tuner/epochs": 2, "tuner/initial_epoch": 0, "tuner/bracket": 4, "tuner/round": 0}}, "metrics": {"metrics": {"loss": {"direction": "min", "observations": [{"value": [0.22052235901355743], "step": 0}]}, "mse": {"direction": "min", "observations": [{"value": [0.06021434813737869], "step": 0}]}, "accuracy": {"direction": "max", "observations": [{"value": [0.9254000186920166], "step": 0}]}, "val_loss": {"direction": "min", "observations": [{"value": [0.21298320591449738], "step": 0}]}, "val_mse": {"direction": "min", "observations": [{"value": [0.05843102186918259], "step": 0}]}, "val_accuracy": {"direction": "max", "observations": [{"value": [0.9276976585388184], "step": 0}]}}}, "score": 0.9276976585388184, "best_step": 0, "status": "COMPLETED"}