{"trial_id": "0040", "hyperparameters": {"space": [{"class_name": "Choice", "config": {"name": "activation", "default": "softmax", "conditions": [], "values": ["softmax", "softplus", "softsign", "relu", "tanh", "sigmoid", "hard_sigmoid", "linear"], "ordered": false}}, {"class_name": "Choice", "config": {"name": "optimizer", "default": "SGD", "conditions": [], "values": ["SGD", "RMSprop", "Adagrad", "Adadelta", "Adam", "Adamax", "Nadam"], "ordered": false}}], "values": {"activation": "relu", "optimizer": "Adam", "tuner/epochs": 3, "tuner/initial_epoch": 0, "tuner/bracket": 3, "tuner/round": 0}}, "metrics": {"metrics": {"loss": {"direction": "min", "observations": [{"value": [0.20996035635471344], "step": 0}]}, "mse": {"direction": "min", "observations": [{"value": [0.05853287875652313], "step": 0}]}, "accuracy": {"direction": "max", "observations": [{"value": [0.9258551597595215], "step": 0}]}, "val_loss": {"direction": "min", "observations": [{"value": [0.2029184103012085], "step": 0}]}, "val_mse": {"direction": "min", "observations": [{"value": [0.05665891617536545], "step": 0}]}, "val_accuracy": {"direction": "max", "observations": [{"value": [0.9278615117073059], "step": 0}]}}}, "score": 0.9278615117073059, "best_step": 0, "status": "COMPLETED"}