{"trial_id": "0021", "hyperparameters": {"space": [{"class_name": "Int", "config": {"name": "units", "default": null, "conditions": [], "min_value": 4, "max_value": 10, "step": 1, "sampling": null}}, {"class_name": "Float", "config": {"name": "dropout", "default": 0.005, "conditions": [], "min_value": 0.0, "max_value": 0.1, "step": 0.01, "sampling": null}}], "values": {"units": 9, "dropout": 0.05, "tuner/epochs": 4, "tuner/initial_epoch": 0, "tuner/bracket": 1, "tuner/round": 0}}, "metrics": {"metrics": {"loss": {"direction": "min", "observations": [{"value": [0.2101040706038475], "step": 0}]}, "mse": {"direction": "min", "observations": [{"value": [0.058528926223516464], "step": 0}]}, "accuracy": {"direction": "max", "observations": [{"value": [0.925737738609314], "step": 0}]}, "val_loss": {"direction": "min", "observations": [{"value": [0.2044001817703247], "step": 0}]}, "val_mse": {"direction": "min", "observations": [{"value": [0.05689694359898567], "step": 0}]}, "val_accuracy": {"direction": "max", "observations": [{"value": [0.9286884367465973], "step": 0}]}}}, "score": 0.058528926223516464, "best_step": 0, "status": "COMPLETED"}