{"trial_id": "0073", "hyperparameters": {"space": [{"class_name": "Choice", "config": {"name": "activation", "default": "softmax", "conditions": [], "values": ["softmax", "softplus", "softsign", "relu", "tanh", "sigmoid", "hard_sigmoid", "linear"], "ordered": false}}, {"class_name": "Choice", "config": {"name": "optimizer", "default": "SGD", "conditions": [], "values": ["SGD", "RMSprop", "Adagrad", "Adadelta", "Adam", "Adamax", "Nadam"], "ordered": false}}], "values": {"activation": "hard_sigmoid", "optimizer": "Adamax", "tuner/epochs": 10, "tuner/initial_epoch": 5, "tuner/bracket": 2, "tuner/round": 1, "tuner/trial_id": "0070"}}, "metrics": {"metrics": {"loss": {"direction": "min", "observations": [{"value": [0.2258632928133011], "step": 0}]}, "mse": {"direction": "min", "observations": [{"value": [0.06240426376461983], "step": 0}]}, "accuracy": {"direction": "max", "observations": [{"value": [0.9169715642929077], "step": 0}]}, "val_loss": {"direction": "min", "observations": [{"value": [0.21847614645957947], "step": 0}]}, "val_mse": {"direction": "min", "observations": [{"value": [0.06026102975010872], "step": 0}]}, "val_accuracy": {"direction": "max", "observations": [{"value": [0.9280253648757935], "step": 0}]}}}, "score": 0.9280253648757935, "best_step": 0, "status": "COMPLETED"}