{"trial_id": "0067", "hyperparameters": {"space": [{"class_name": "Choice", "config": {"name": "activation", "default": "softmax", "conditions": [], "values": ["softmax", "softplus", "softsign", "relu", "tanh", "sigmoid", "hard_sigmoid", "linear"], "ordered": false}}, {"class_name": "Choice", "config": {"name": "optimizer", "default": "SGD", "conditions": [], "values": ["SGD", "RMSprop", "Adagrad", "Adadelta", "Adam", "Adamax", "Nadam"], "ordered": false}}], "values": {"activation": "hard_sigmoid", "optimizer": "Nadam", "tuner/epochs": 5, "tuner/initial_epoch": 0, "tuner/bracket": 2, "tuner/round": 0}}, "metrics": {"metrics": {"loss": {"direction": "min", "observations": [{"value": [0.21578209102153778], "step": 0}]}, "mse": {"direction": "min", "observations": [{"value": [0.05920267850160599], "step": 0}]}, "accuracy": {"direction": "max", "observations": [{"value": [0.9257277250289917], "step": 0}]}, "val_loss": {"direction": "min", "observations": [{"value": [0.20999743044376373], "step": 0}]}, "val_mse": {"direction": "min", "observations": [{"value": [0.05771045386791229], "step": 0}]}, "val_accuracy": {"direction": "max", "observations": [{"value": [0.9277523159980774], "step": 0}]}}}, "score": 0.9277523159980774, "best_step": 0, "status": "COMPLETED"}