{"trial_id": "0023", "hyperparameters": {"space": [{"class_name": "Int", "config": {"name": "units", "default": null, "conditions": [], "min_value": 4, "max_value": 10, "step": 1, "sampling": null}}, {"class_name": "Float", "config": {"name": "dropout", "default": 0.005, "conditions": [], "min_value": 0.0, "max_value": 0.1, "step": 0.01, "sampling": null}}], "values": {"units": 5, "dropout": 0.05, "tuner/epochs": 4, "tuner/initial_epoch": 0, "tuner/bracket": 1, "tuner/round": 0}}, "metrics": {"metrics": {"loss": {"direction": "min", "observations": [{"value": [0.21317388862371445], "step": 0}]}, "mse": {"direction": "min", "observations": [{"value": [0.05929908715188503], "step": 0}]}, "accuracy": {"direction": "max", "observations": [{"value": [0.9255817234516144], "step": 0}]}, "val_loss": {"direction": "min", "observations": [{"value": [0.20450547337532043], "step": 0}]}, "val_mse": {"direction": "min", "observations": [{"value": [0.05708405002951622], "step": 0}]}, "val_accuracy": {"direction": "max", "observations": [{"value": [0.9274369776248932], "step": 0}]}}}, "score": 0.05929908715188503, "best_step": 0, "status": "COMPLETED"}