{"trial_id": "0081", "hyperparameters": {"space": [{"class_name": "Choice", "config": {"name": "activation", "default": "softmax", "conditions": [], "values": ["softmax", "softplus", "softsign", "relu", "tanh", "sigmoid", "hard_sigmoid", "linear"], "ordered": false}}, {"class_name": "Choice", "config": {"name": "optimizer", "default": "SGD", "conditions": [], "values": ["SGD", "RMSprop", "Adagrad", "Adadelta", "Adam", "Adamax", "Nadam"], "ordered": false}}], "values": {"activation": "softsign", "optimizer": "Adamax", "tuner/epochs": 10, "tuner/initial_epoch": 0, "tuner/bracket": 1, "tuner/round": 0}}, "metrics": {"metrics": {"loss": {"direction": "min", "observations": [{"value": [0.2075517326593399], "step": 0}]}, "mse": {"direction": "min", "observations": [{"value": [0.05781509727239609], "step": 0}]}, "accuracy": {"direction": "max", "observations": [{"value": [0.9272204041481018], "step": 0}]}, "val_loss": {"direction": "min", "observations": [{"value": [0.2032748907804489], "step": 0}]}, "val_mse": {"direction": "min", "observations": [{"value": [0.056706592440605164], "step": 0}]}, "val_accuracy": {"direction": "max", "observations": [{"value": [0.9279707074165344], "step": 0}]}}}, "score": 0.9279707074165344, "best_step": 0, "status": "COMPLETED"}