{"trial_id": "0022", "hyperparameters": {"space": [{"class_name": "Int", "config": {"name": "units", "default": null, "conditions": [], "min_value": 4, "max_value": 10, "step": 1, "sampling": null}}, {"class_name": "Float", "config": {"name": "dropout", "default": 0.005, "conditions": [], "min_value": 0.0, "max_value": 0.1, "step": 0.01, "sampling": null}}], "values": {"units": 6, "dropout": 0.08, "tuner/epochs": 4, "tuner/initial_epoch": 0, "tuner/bracket": 1, "tuner/round": 0}}, "metrics": {"metrics": {"loss": {"direction": "min", "observations": [{"value": [0.21243086457252502], "step": 0}]}, "mse": {"direction": "min", "observations": [{"value": [0.059040844440460205], "step": 0}]}, "accuracy": {"direction": "max", "observations": [{"value": [0.9253671765327454], "step": 0}]}, "val_loss": {"direction": "min", "observations": [{"value": [0.20453474670648575], "step": 0}]}, "val_mse": {"direction": "min", "observations": [{"value": [0.057061443105340004], "step": 0}]}, "val_accuracy": {"direction": "max", "observations": [{"value": [0.9274369776248932], "step": 0}]}}}, "score": 0.059040844440460205, "best_step": 0, "status": "COMPLETED"}