{"trial_id": "0002", "hyperparameters": {"space": [{"class_name": "Int", "config": {"name": "units", "default": null, "conditions": [], "min_value": 4, "max_value": 10, "step": 1, "sampling": null}}, {"class_name": "Float", "config": {"name": "dropout", "default": 0.005, "conditions": [], "min_value": 0.0, "max_value": 0.1, "step": 0.01, "sampling": null}}], "values": {"units": 9, "dropout": 0.04, "tuner/epochs": 2, "tuner/initial_epoch": 0, "tuner/bracket": 2, "tuner/round": 0}}, "metrics": {"metrics": {"loss": {"direction": "min", "observations": [{"value": [0.21548904478549957], "step": 0}]}, "mse": {"direction": "min", "observations": [{"value": [0.05954081378877163], "step": 0}]}, "accuracy": {"direction": "max", "observations": [{"value": [0.9253281652927399], "step": 0}]}, "val_loss": {"direction": "min", "observations": [{"value": [0.20585519075393677], "step": 0}]}, "val_mse": {"direction": "min", "observations": [{"value": [0.05710036866366863], "step": 0}]}, "val_accuracy": {"direction": "max", "observations": [{"value": [0.9281878471374512], "step": 0}]}}}, "score": 0.05954081378877163, "best_step": 0, "status": "COMPLETED"}