{"trial_id": "0047", "hyperparameters": {"space": [{"class_name": "Choice", "config": {"name": "activation", "default": "softmax", "conditions": [], "values": ["softmax", "softplus", "softsign", "relu", "tanh", "sigmoid", "hard_sigmoid", "linear"], "ordered": false}}, {"class_name": "Choice", "config": {"name": "optimizer", "default": "SGD", "conditions": [], "values": ["SGD", "RMSprop", "Adagrad", "Adadelta", "Adam", "Adamax", "Nadam"], "ordered": false}}], "values": {"activation": "softsign", "optimizer": "Adagrad", "tuner/epochs": 3, "tuner/initial_epoch": 0, "tuner/bracket": 3, "tuner/round": 0}}, "metrics": {"metrics": {"loss": {"direction": "min", "observations": [{"value": [0.38020560145378113], "step": 0}]}, "mse": {"direction": "min", "observations": [{"value": [0.10499048978090286], "step": 0}]}, "accuracy": {"direction": "max", "observations": [{"value": [0.9205213785171509], "step": 0}]}, "val_loss": {"direction": "min", "observations": [{"value": [0.34534475207328796], "step": 0}]}, "val_mse": {"direction": "min", "observations": [{"value": [0.09168319404125214], "step": 0}]}, "val_accuracy": {"direction": "max", "observations": [{"value": [0.9231105446815491], "step": 0}]}}}, "score": 0.9231105446815491, "best_step": 0, "status": "COMPLETED"}