{"trial_id": "0014", "hyperparameters": {"space": [{"class_name": "Choice", "config": {"name": "activation", "default": "softmax", "conditions": [], "values": ["softmax", "softplus", "softsign", "relu", "tanh", "sigmoid", "hard_sigmoid", "linear"], "ordered": false}}, {"class_name": "Choice", "config": {"name": "optimizer", "default": "SGD", "conditions": [], "values": ["SGD", "RMSprop", "Adagrad", "Adadelta", "Adam", "Adamax", "Nadam"], "ordered": false}}], "values": {"activation": "tanh", "optimizer": "Adamax", "tuner/epochs": 2, "tuner/initial_epoch": 0, "tuner/bracket": 4, "tuner/round": 0}}, "metrics": {"metrics": {"loss": {"direction": "min", "observations": [{"value": [0.22074592113494873], "step": 0}]}, "mse": {"direction": "min", "observations": [{"value": [0.06003943830728531], "step": 0}]}, "accuracy": {"direction": "max", "observations": [{"value": [0.9251815676689148], "step": 0}]}, "val_loss": {"direction": "min", "observations": [{"value": [0.21445253491401672], "step": 0}]}, "val_mse": {"direction": "min", "observations": [{"value": [0.05843908339738846], "step": 0}]}, "val_accuracy": {"direction": "max", "observations": [{"value": [0.9275338649749756], "step": 0}]}}}, "score": 0.9275338649749756, "best_step": 0, "status": "COMPLETED"}