{"trial_id": "0084", "hyperparameters": {"space": [{"class_name": "Choice", "config": {"name": "activation", "default": "softmax", "conditions": [], "values": ["softmax", "softplus", "softsign", "relu", "tanh", "sigmoid", "hard_sigmoid", "linear"], "ordered": false}}, {"class_name": "Choice", "config": {"name": "optimizer", "default": "SGD", "conditions": [], "values": ["SGD", "RMSprop", "Adagrad", "Adadelta", "Adam", "Adamax", "Nadam"], "ordered": false}}], "values": {"activation": "softplus", "optimizer": "Adamax", "tuner/epochs": 20, "tuner/initial_epoch": 10, "tuner/bracket": 1, "tuner/round": 1, "tuner/trial_id": "0079"}}, "metrics": {"metrics": {"loss": {"direction": "min", "observations": [{"value": [0.22119635343551636], "step": 0}]}, "mse": {"direction": "min", "observations": [{"value": [0.0604749396443367], "step": 0}]}, "accuracy": {"direction": "max", "observations": [{"value": [0.925017774105072], "step": 0}]}, "val_loss": {"direction": "min", "observations": [{"value": [0.2153560370206833], "step": 0}]}, "val_mse": {"direction": "min", "observations": [{"value": [0.059005677700042725], "step": 0}]}, "val_accuracy": {"direction": "max", "observations": [{"value": [0.9280253648757935], "step": 0}]}}}, "score": 0.9280253648757935, "best_step": 0, "status": "COMPLETED"}