{"trial_id": "0023", "hyperparameters": {"space": [{"class_name": "Choice", "config": {"name": "activation", "default": "softmax", "conditions": [], "values": ["softmax", "softplus", "softsign", "relu", "tanh", "sigmoid", "hard_sigmoid", "linear"], "ordered": false}}, {"class_name": "Choice", "config": {"name": "optimizer", "default": "SGD", "conditions": [], "values": ["SGD", "RMSprop", "Adagrad", "Adadelta", "Adam", "Adamax", "Nadam"], "ordered": false}}], "values": {"activation": "tanh", "optimizer": "Adam", "tuner/epochs": 3, "tuner/initial_epoch": 2, "tuner/bracket": 4, "tuner/round": 1, "tuner/trial_id": "0003"}}, "metrics": {"metrics": {"loss": {"direction": "min", "observations": [{"value": [0.24055878818035126], "step": 0}]}, "mse": {"direction": "min", "observations": [{"value": [0.06683250516653061], "step": 0}]}, "accuracy": {"direction": "max", "observations": [{"value": [0.9202846884727478], "step": 0}]}, "val_loss": {"direction": "min", "observations": [{"value": [0.21520191431045532], "step": 0}]}, "val_mse": {"direction": "min", "observations": [{"value": [0.05863336846232414], "step": 0}]}, "val_accuracy": {"direction": "max", "observations": [{"value": [0.9266055226325989], "step": 0}]}}}, "score": 0.9266055226325989, "best_step": 0, "status": "COMPLETED"}