{"trial_id": "0075", "hyperparameters": {"space": [{"class_name": "Choice", "config": {"name": "activation", "default": "softmax", "conditions": [], "values": ["softmax", "softplus", "softsign", "relu", "tanh", "sigmoid", "hard_sigmoid", "linear"], "ordered": false}}, {"class_name": "Choice", "config": {"name": "optimizer", "default": "SGD", "conditions": [], "values": ["SGD", "RMSprop", "Adagrad", "Adadelta", "Adam", "Adamax", "Nadam"], "ordered": false}}], "values": {"activation": "hard_sigmoid", "optimizer": "Adamax", "tuner/epochs": 20, "tuner/initial_epoch": 10, "tuner/bracket": 2, "tuner/round": 2, "tuner/trial_id": "0073"}}, "metrics": {"metrics": {"loss": {"direction": "min", "observations": [{"value": [0.21663379669189453], "step": 0}]}, "mse": {"direction": "min", "observations": [{"value": [0.05933782830834389], "step": 0}]}, "accuracy": {"direction": "max", "observations": [{"value": [0.9254182577133179], "step": 0}]}, "val_loss": {"direction": "min", "observations": [{"value": [0.21101242303848267], "step": 0}]}, "val_mse": {"direction": "min", "observations": [{"value": [0.057994112372398376], "step": 0}]}, "val_accuracy": {"direction": "max", "observations": [{"value": [0.9277523159980774], "step": 0}]}}}, "score": 0.9277523159980774, "best_step": 0, "status": "COMPLETED"}